Agency,State,Total Agency Size (Bytes),Total Agency Size (GiB),Total Agency Size (GB),Total Agency Size (TiB),,,
metronashvilleda,,846727143383553,788576.1032,846727.1434,770.09385,,,
cityofholland.com,Michigan,315325324094749,293669.5927,315325.3241,286.78671,,,
co.liberty.tx.us,TX,301671132543947,280953.1359,301671.1325,274.3683,,,
twp.freehold.nj.us,NJ,279081534320426,259914.9331,279081.5343,253.82318,,,
sheriff1.douglas.ga.us,GA,278795997993289,259649.0066,278795.998,253.56348,,,
adamssheriff.org,CO,277194800320247,258157.7751,277194.8003,252.1072,,,
shelbyvillepd.tn.us,TN,274801044008256,255928.4158,274801.044,249.93009,,,
d4fd4667f33b998cbcd3355235c39204 (Agency not Matched),,192670590744418,179438.4706,192670.5907,175.23288,,Total size taken up [PiB]: ,9.70
boardmantwp.com,OH,179086531328105,166787.3294,179086.5313,162.87825,,,
cityofgraham.com,NC,170791394114470,159061.8809,170791.3941,155.33387,,Agency size chart:,
dawsoncountyso.ga.us,GA,159528118092133,148572.1377,159528.1181,145.08998,,,
laytoncity.org,UT,153681966460237,143127.4847,153681.9665,139.77293,,,
lonokecosd.ar.us,AR,148454036454076,138258.5954,148454.0365,135.01816,,,
co.rock.wi.us,WI,134411888943497,125180.8265,134411.8889,122.2469,,,
salempd.or.us,OR,132537270654109,123434.9521,132537.2707,120.54195,,,
montclairnjusa.org,NJ,124145187570876,115619.2157,124145.1876,112.90939,,,
taneycounty.org,MO,117130477626285,109086.258,117130.4776,106.52955,,,
vanburencountymi.gov,MI,115077401262912,107174.1816,115077.4013,104.66229,,,
cranfordpd.nj.us,NJ,114779828451530,106897.0454,114779.8285,104.39165,,,
sbso.org,Louisiana,112124913342993,104424.463,112124.9133,101.97701,,,
fraserpd.mi.us,MI,105311476494787,98078.95543,105311.4765,95.78023,,,
washingtontwnpd.nj.us,NJ,102517745230521,95477.09043,102517.7452,93.23935,,,
kennesaw-ga.gov,Georgia,98427141768125,91667.41908,98427.14177,89.51896,,,
www.copley.oh.us,OH,94685773945494,88182.99877,94685.77395,86.11621,,,
shorelinecity.com,MI,93919338671563,87469.2003,93919.33867,85.41914,,,
logansheriff.com,OH,90171933013014,83979.15681,90171.93301,82.0109,,,
newbraunfels.gov,TX,89777097141315,83611.43725,89777.09714,81.65179,,,
colts-neck.nj.us,NJ,86520613486255,80578.60051,86520.61349,78.69004,,,
newmilfordpolice.org,CT,82076769627660,76439.94841,82076.76963,74.64839,,,
loudoun.gov,VA,79288955069187,73843.59377,79288.95507,72.11288,,,
windsorlockspd.ct.us,CT,79181162288888,73743.20392,79181.16229,72.01485,,,
brownstown-mi.org,MI,78010542466185,72652.97926,78010.54247,70.95018,,,
dps.ok.gov,OK,76299854561128,71059.77699,76299.85456,69.39431,,,
bridgewaterpd.com,NJ,76221590271402,70986.88769,76221.59027,69.32313,,,
glenwoodspringspd.co.us,CO,73942639803337,68864.44968,73942.6398,67.25044,,,
desmoineswa.gov,WA,73313895673894,68278.88607,73313.89567,66.6786,,,
plainfieldpd.org,IN,72633901697289,67645.59233,72633.9017,66.06015,,,
sheboyganpolice,WI,71270327487548,66375.66489,71270.32749,64.81999,,,
pd.srpmic-nsn.gov,AZ,70112996345977,65297.81627,70112.99635,63.7674,,,
beebeark.org,AR,69364061338860,64600.31619,69364.06134,63.08625,,,
vintonva.gov,VA,68316900427411,63625.0716,68316.90043,62.13386,,,
lakedallaspd.tx.us,TX,67413669723988,62783.87245,67413.66972,61.31238,,,
robinsontexas.org,TX,66457213695306,61893.10336,66457.2137,60.44248,,,
waldocountyme.gov,ME,64771069262332,60322.75899,64771.06926,58.90894,,,
gardencityks.us,KS,61363951378764,57149.63319,61363.95138,55.81019,,,
fortmorganpd.com,CO,59698959158789,55598.98835,59698.95916,54.29589,,,
elktwnpd.nj.us,NJ,58947196659340,54898.85496,58947.19666,53.61216,,,
pd.edgewater.fl.us,FL,58594318133836,54570.21122,58594.31813,53.29122,,,
bethelpd.ct.us,CT,57242619563724,53311.34383,57242.61956,52.06186,,,
archdale-nc.gov,NC,56430160653104,52554.68251,56430.16065,51.32293,,,
orangecountync.gov,NC,54743232076599,50983.60784,54743.23208,49.78868,,,
co.comal.tx.us,TX,52678452802049,49060.63229,52678.4528,47.91077,,,
riverdalenj.gov,NJ,51490375010866,47954.14862,51490.37501,46.83022,,,
sheriff.franklincountyohio.gov,OH,51462852266765,47928.51607,51462.85227,46.80519,,,
bedfordva.gov,VA,50536687705143,47065.95811,50536.68771,45.96285,,,
oakgov.com,MI,50079613889397,46640.27494,50079.61389,45.54714,,,
ephratapd.pa.us,PA,49101935719044,45729.74119,49101.93572,44.65795,,,
milfordct.gov,CT,48718548280210,45372.68382,48718.54828,44.30926,,,
trophyclub.org,TX,48386589058952,45063.5227,48386.58906,44.00735,,,
kelsopd.wa.us,WA,48041322153319,44741.96784,48041.32215,43.69333,,,
guttenbergnj.org,NJ,47742427453058,44463.60045,47742.42745,43.42148,,,
clintonco.com,IN,46243778314493,43067.87468,46243.77831,42.05847,,,
trpolice.org,NJ,45944164015122,42788.83712,45944.16402,41.78597,,,
cityofdenison.com,TX,45816813424071,42670.23264,45816.81342,41.67015,,,
parkwaypolice.org,NJ,45155295872179,42054.14641,45155.29587,41.0685,,,
alpena.mi.us,MI,44806330448771,41729.14703,44806.33045,40.75112,,,
westlakepd.com,LA,44557912040856,41497.78936,44557.91204,40.52518,,,
vanpd.tx.us,TX,44328401703570,41284.0412,44328.4017,40.31645,,,
lbtpd.org,NJ,43098738969199,40138.82854,43098.73897,39.19807,,,
dnr.ohio.gov,OH,42024757282467,39138.60515,42024.75728,38.22129,,,
fairfieldpolicenj.org,NJ,37641498374658,35056.37718,37641.49837,34.23474,,,
blakelyborough.com,PA,36220805846216,33733.25416,36220.80585,32.94263,,,
navajocountyaz.gov,AZ,36199541469250,33713.45016,36199.54147,32.92329,,,
harrisonvillepd.mo.us,MO,35977978704192,33507.10376,35977.9787,32.72178,,,
floydcountyso.va.us,Virginia,35875504947072,33411.66763,35875.50495,32.62858,,,
belleviewfl.org,FL,34504440429297,32134.7643,34504.44043,31.38161,,,
ziempd,IL,34098668601202,31756.85983,34098.6686,31.01256,,,
tfpolice.org,NJ,33539122900792,31235.74229,33539.1229,30.50365,,,
dps.georgia.gov,GA,33454742186007,31157.15663,33454.74219,30.42691,,,
mountairymd.org,MD,33069816293308,30798.66645,33069.81629,30.07682,,,
oconeesheriff.org,GA,32218815391597,30006.1101,32218.81539,29.30284,,,
springfieldmo.gov,Missouri,30988375023426,28860.17321,30988.37502,28.18376,,,
oradellpolice.com,NJ,30203438942843,28129.14452,30203.43894,27.46987,,,
chippewafallspd.wi.us,WI,30046520685457,27983.003,30046.52069,27.32715,,,
arapahoegov.com,,29681578377465,27643.12399,29681.57838,26.99524,,,
seabrookpd.nh.us,NH,28217337605719,26279.44351,28217.33761,25.66352,,,
cityofnampa.us,ID,27853492101875,25940.58598,27853.4921,25.3326,,,
lakehallie.us,WI,26730929645831,24895.11822,26730.92965,24.31164,,,
vernonso.org,LA,26361695390794,24551.24202,26361.69539,23.97582,,,
hec.911.org,TX,26020086355641,24233.09382,26020.08636,23.66513,,,
mylongview.com,WA,25510727261804,23758.71619,25510.72726,23.20187,,,
co.cowlitz.wa.us,WA,24837587119579,23131.80558,24837.58712,22.58965,,,
hamiltoncoso.tx.us,TX,24731943323130,23033.41713,24731.94332,22.49357,,,
wallpolice.org,NJ,24133917787290,22476.46245,24133.91779,21.94967,,,
northcatasauqua.org,PA,24111907635288,22455.9639,24111.90764,21.92965,,,
wellscoso.in.us,IN,24058392446230,22406.12399,24058.39245,21.88098,,,
rockford.mi.us,MI,23052650904735,21469.45419,23052.6509,20.96626,,,
riverdalega.gov,GA,22989089711770,21410.25822,22989.08971,20.90846,,,
village.thiensville.wi.us,WI,22669509217592,21112.62569,22669.50922,20.6178,,,
ci.oakdale.mn.us,MN,22326099871342,20792.80081,22326.09987,20.30547,,,
cityofmarion.in.gov,IN,21877504371163,20375.0137,21877.50437,19.89747,,,
co.klickitat.wa.us,WA,21589091470776,20106.40825,21589.09147,19.63516,,,
ccdrive.msi.smoke.tests,,21478294589250,20003.22062,21478.29459,19.5344,,,
sheboygancounty.com,WI,21314582473136,19850.75183,21314.58247,19.3855,,,
gallatincoso.mt.us,MT,21203093273606,19746.91942,21203.09327,19.2841,,,
washingtontwnpd.oh.us,OH,20835648191105,19404.70952,20835.64819,18.94991,,,
lebanontownship.net,NJ,20802484374995,19373.82331,20802.48437,18.91975,,,
forestgrove-or.gov,OR,20652368453324,19234.01696,20652.36845,18.78322,,,
springfield-nj.us,NJ,20498336734798,19090.56374,20498.33673,18.64313,,,
shelbycountyecd,TN,20467397918570,19061.74973,20467.39792,18.61499,,,
pitkincoso.co.us,CO,20301656360591,18907.39087,20301.65636,18.46425,,,
clarkstonpd.wa.us,wA,20183153197144,18797.0262,20183.1532,18.35647,,,
willimanticpd.ct.us,,20141812492651,18758.52467,20141.81249,18.31887,,,
centervillepd.ut.us,UT,20084500109130,18705.14835,20084.50011,18.26675,,,
kaplanpd.la.us,LA,19654839904134,18304.9961,19654.8399,17.87597,,,
graysoncoso.tx.us,Texas,19494659186978,18155.81619,19494.65919,17.73029,,,
townofdyer.com,IN,19333364863670,18005.59914,19333.36486,17.58359,,,
cityofanthonynm.com,NM,19195123161489,17876.85152,19195.12316,17.45786,,,
clarkssummitboro.org,PA,19114681419112,17801.93431,19114.68142,17.3847,,,
301usgovvirginia5126956 (Agency not Matched),,18477128142229,17208.16655,18477.12814,16.80485,,,
sbcsd.org,CA,18473899562764,17205.1597,18473.89956,16.80191,,,
vanderbiltuniv.tn.us,TN,18377283159109,17115.17867,18377.28316,16.71404,,,
cityoflennoxsd.com,SD,17938414042618,16706.44995,17938.41404,16.31489,,,
millscoia.us,IA,17704546420513,16488.64375,17704.54642,16.10219,,,
brigantinebeach.org,NJ,17611349844641,16401.84768,17611.34984,16.01743,,,
bransonmo.gov,Missouri,17401805913249,16206.69469,17401.80591,15.82685,,,
portagewi.gov,WI,17026548326913,15857.20882,17026.54833,15.48556,,,
cityofnewiberia.com,LA,16949882338557,15785.80806,16949.88234,15.41583,,,
kansashighwaypatrol.org,KS,16812700239273,15658.04727,16812.70024,15.29106,,,
dodgecity.org,KS,16780239766691,15627.8161,16780.23977,15.26154,,,
hamiltoncounty.in.gov,Indiana,16747797271832,15597.60167,16747.79727,15.23203,,,
oceantwp.org,NJ,16681659963287,15536.00651,16681.65996,15.17188,,,
vsp.virginia.gov,VA,16640169644748,15497.36564,16640.16964,15.13415,,,
geddestownpd.ny.us,NY,16598102071338,15458.18715,16598.10207,15.09589,,,
delawarecountysheriff.org,IN,15710478192501,14631.523,15710.47819,14.2886,,,
bastropisd.tx.us,TX,15124842344468,14086.10711,15124.84234,13.75596,,,
hctx.911.org,TX,14828996843753,13810.57952,14828.99684,13.48689,,,
dsm.ia.gov,IA,14750471309120,13737.44692,14750.47131,13.41548,,,
paysonutah.org,UT,14259981852084,13280.64301,14259.98185,12.96938,,,
detroitmi.gov,MI,14037254312295,13073.21183,14037.25431,12.76681,,,
cityhs.net,AR,13990259585611,13029.44458,13990.25959,12.72407,,,
newarkpd.oh.us,OH,13876007552923,12923.03908,13876.00755,12.62016,,,
so.emmetcounty.mi.us,MI,13873428079119,12920.63676,13873.42808,12.61781,,,
altonpolice.com,IL,13768998176013,12823.37883,13768.99818,12.52283,,,
vanalstynepolice.com,TX,13766075725843,12820.65709,13766.07573,12.52017,,,
perrysburgtownship.us,OH,13297801928745,12384.54313,13297.80193,12.09428,,,
kalispeltribe.com,WA,12965799120592,12075.34142,12965.79912,11.79233,,,
grantcounty.net,IN,12889080281313,12003.89143,12889.08028,11.72255,,,
butlertownship.com,OH,12807473821676,11927.88949,12807.47382,11.64833,,,
sled.sc.gov,SC,12609160536804,11743.19585,12609.16054,11.46796,,,
elsmerepd.de.us,DE,12593567428682,11728.67364,12593.56743,11.45378,,,
so.washingtonparish.la.us,LA,12457561294516,11602.00806,12457.56129,11.33009,,,
hallsville.us,TX,12392164043842,11541.10212,12392.16404,11.27061,,,
montcoga.gov,GA,12304081742232,11459.06909,12304.08174,11.1905,,,
cabq.gov,NM,12273458819490,11430.54927,12273.45882,11.16265,,,
co.dodge.wi.gov,WI,12228360945217,11388.5486,12228.36095,11.12163,,,
somervillepd.tx.us,TX,12174359440249,11338.25578,12174.35944,11.07252,,,
churchill.nv.us,NV,12171325179982,11335.4299,12171.32518,11.06976,,,
dixonpd.il.us,IL,12114908655292,11282.88792,12114.90866,11.01845,,,
southportland.org,ME,12096079295231,11265.35171,12096.0793,11.00132,,,
edgeworthborough.org,PA,11967706500909,11145.79523,11967.7065,10.88457,,,
spartanburgcounty.org,South Carolina,11829019104800,11016.63253,11829.0191,10.75843,,,
dillonpd.sc.us,SC,11566973059631,10772.58313,11566.97306,10.5201,,,
whitebearlake.org,MN,11558515534856,10764.70645,11558.51553,10.51241,,,
co.coos.or.us,OR,11507953517124,10717.6169,11507.95352,10.46642,,,
co.eddy.nm.us,NM,11473751156832,10685.76347,11473.75116,10.43532,,,
sycamorepd.com,IL,11380182083158,10598.62048,11380.18208,10.35022,,,
miltonpd.pa.us,PA,11215627909362,10445.36746,11215.62791,10.20055,,,
lakecountysheriff.com,IN,11101029369736,10338.63925,11101.02937,10.09633,,,
lakeparkpd.ga.us,GA,10952283843166,10200.10919,10952.28384,9.96104,,,
glenrock.org,WY,10937192579160,10186.05435,10937.19258,9.94732,,,
blueearthcountymn.gov,MN,10791752415487,10050.60264,10791.75242,9.81504,,,
lcfla.com,FL,10665498181179,9933.01923,10665.49818,9.70021,,,
marcelinemo.us,MO,10641066761128,9910.26569,10641.06676,9.67799,,,
lasanimascoso.co.us,CO,10588970133709,9861.74693,10588.97013,9.63061,,,
urbandalepd.ia.us,IA,10504727982857,9783.29031,10504.72798,9.55399,,,
leetsdalepd.pa.us,PA,10429567035267,9713.29122,10429.56704,9.48564,,,
surrycoso.nc.us,NC,10396373178128,9682.37703,10396.37318,9.45545,,,
perquimanscountync.gov,NC,10252382832783,9548.27558,10252.38283,9.32449,,,
stcharlespd.mn.us,MN,10181874100337,9482.6092,10181.8741,9.26036,,,
hhoh.org,OH,10137001584729,9440.81841,10137.00158,9.21955,,,
augustaga.gov,GA,9986056870502,9300.24019,9986.05687,9.08227,,,
cityofrockport.com,TX,9689592092967,9024.13585,9689.59209,8.81263,,,
windsorvt.org,VT,9687029533796,9021.74929,9687.02953,8.8103,,,
yorkvillepd.il.us,IL,9540214641865,8885.01726,9540.21464,8.67677,,,
co.lamar.tx.us,TX,9446771537048,8797.99159,9446.77154,8.59179,,,
univofnewhaven.ct.us,CT,9427499676137,8780.04327,9427.49968,8.57426,,,
tucsonaz.gov,AZ,9340688245911,8699.19383,9340.68825,8.49531,,,
dodgecountyne.gov,NE,9238636553858,8604.15078,9238.63655,8.40249,,,
gilacountyaz2.gov,AZ,9147134753108,8518.93309,9147.13475,8.31927,,,
97b85a9cb0a08ec5d8c3ed8c473355ac (Agency not Matched),,9117374069489,8491.21629,9117.37407,8.2922,,,
houstonpolice.org,TX,9063936752832,8441.44891,9063.93675,8.2436,,,
dps.grandhaven.org,MI,8982363941839,8365.47831,8982.36394,8.16941,,,
natchitochesparishso.la.us,LA,8945441544771,8331.09165,8945.44154,8.13583,,,
townofdillon.com,CO,8760688723456,8159.02718,8760.68872,7.9678,,,
sunyocc.edu,NY,8620467307422,8028.43581,8620.46731,7.84027,,,
chicagoridgepolice.org,IL,8614741250251,8023.103,8614.74125,7.83506,,,
fremontne.gov,NE,8595012300273,8004.72898,8595.0123,7.81712,,,
sunsetvalley.org,TX,8592636501554,8002.51635,8592.6365,7.81496,,,
mayodanpd.nc.us,NC,8526294448836,7940.7305,8526.29445,7.75462,,,
bridgevillepolice,DE,8488871422268,7905.87759,8488.87142,7.72058,,,
greshamoregon.gov,Oregon,8410239946674,7832.64632,8410.23995,7.64907,,,
pd.town.beloit.wi.us,,8380825264530,7805.25176,8380.82526,7.62232,,,
graham.az.gov,AZ,8343788911078,7770.75897,8343.78891,7.58863,,,
nslcity.org,UT,8249388967057,7682.84217,8249.38897,7.50278,,,
sheffieldlakepd.oh.us,OH,8182749166953,7620.77902,8182.74917,7.44217,,,
anacortespd.wa.us,WA,8160253162595,7599.82798,8160.25316,7.42171,,,
sylvanlakepd.mi.us,MI,8066068519121,7512.1117,8066.06852,7.33605,,,
columbiacity.net,IN,8040125537412,7487.95042,8040.12554,7.31245,,,
ridgelandms.org,MS,8035885761590,7484.00182,8035.88576,7.3086,,,
keyportpd.org,NJ,7855167353631,7315.69468,7855.16735,7.14423,,,
grand.utah.gov,UT,7604983566183,7082.69287,7604.98357,6.91669,,,
maine.gov,ME,7549880803991,7031.37443,7549.8808,6.86658,,,
sheriffleefl.org,FL,7482828246565,6968.92687,7482.82825,6.80559,,,
sheriff.berkeleycountysc.gov,SC,7430107896338,6919.82722,7430.1079,6.75764,,,
casscountymn.gov,MN,7241181569023,6743.87586,7241.18157,6.58582,,,
co.jackson.wi.us,WI,7129660041181,6640.01335,7129.66004,6.48439,,,
saintalbanspd.vt.us,VT,7082596162086,6596.18169,7082.59616,6.44158,,,
milledgevillepd.com,Georgia,7079515856560,6593.31293,7079.51586,6.43878,,,
ci.woodland.wa.us,WA,6983773690654,6504.14609,6983.77369,6.35171,,,
police.uci.edu,CA,6974656368102,6495.65493,6974.65637,6.34341,,,
frankfortpd.ky.us,KY,6958842861464,6480.92745,6958.84286,6.32903,,,
pd.villageofmidlothian.org,IL,6790392222507,6324.04557,6790.39222,6.17583,,,
beaverheadcounty.org,MT,6784514486516,6318.5715,6784.51449,6.17048,,,
evendaleohio.org,OH,6759011208839,6294.81972,6759.01121,6.14728,,,
sheriff.co.ross.oh.us,OH,6372386305307,5934.74722,6372.38631,5.79565,,,
gonzalespd.org,LA,6308360317326,5875.11837,6308.36032,5.73742,,,
ottawaks.gov,KS,6251627630615,5822.28194,6251.62763,5.68582,,,
carlstadtpd.nj.us,NJ,6236688721090,5808.369,6236.68872,5.67224,,,
police.umkc.edu,MO,6129169338209,5708.23377,6129.16934,5.57445,,,
ci.north-branch.mn.us,MN,6015212810859,5602.10348,6015.21281,5.4708,,,
ps.randolphcountync.gov,NC,5951905808288,5543.14424,5951.90581,5.41323,,,
coloradodoc.co.us,CO,5912859432771,5506.77947,5912.85943,5.37771,,,
petoskey.us,MI,5890881285566,5486.31073,5890.88129,5.35773,,,
moabcity.org,UT,5813019175590,5413.79598,5813.01918,5.28691,,,
cityofredding.org,California,5781190224576,5384.15296,5781.19022,5.25796,,,
springtownpd.com,TX,5714793027874,5322.31576,5714.79303,5.19757,,,
txkusa.org,AR,5660233091502,5271.50286,5660.23309,5.14795,,,
pd.shrewsburyma.gov,MA,5525761343715,5146.26628,5525.76134,5.02565,,,
codypd.net,WY,5499862984190,5122.14655,5499.86298,5.0021,,,
univofoklahamapdnorman.ok.us,OK,5423805421929,5051.31243,5423.80542,4.93292,,,
sapd.bexarmetro911,TX,5397911688857,5027.19701,5397.91169,4.90937,,,
arapahoesheriff,CO,5360829338215,4992.66138,5360.82934,4.87565,,,
outagamie.org,WI,5270452448047,4908.49134,5270.45245,4.79345,,,
ipso.la.gov,LA,5213896220835,4855.81925,5213.89622,4.74201,,,
natchitochesla.gov,LA,5118839759180,4767.29102,5118.83976,4.65556,,,
f7d8ea5ef41c978c4c0790438b42b569 (Agency not Matched),,5112845190162,4761.70815,5112.84519,4.65011,,,
ciscotexas.gov,TX,5086450831544,4737.12648,5086.45083,4.6261,,,
co.camden.ga.us,GA,5063822168310,4716.0519,5063.82217,4.60552,,,
amherstnh.gov,NH,5040037050814,4693.90028,5040.03705,4.58389,,,
colfaxwa.org,WA,5000385188103,4656.97161,5000.38519,4.54782,,,
ashtabulapolice.com,OH,4978704452907,4636.77985,4978.70445,4.52811,,,
msi.ccr.demo.a,Illinois,4724416377950,4399.95562,4724.41638,4.29683,,,
bcso.browncountytx.gov,TX,4707623346440,4384.3159,4707.62335,4.28156,,,
cityofwch.com,OH,4646506576506,4327.39647,4646.50658,4.22597,,,
middletownnj.org,NJ,4644262632576,4325.30663,4644.26263,4.22393,,,
carrollcountymd.gov,MD,4592480509307,4277.08077,4592.48051,4.17684,,,
caddosheriff.org,LA,4563574402958,4250.15986,4563.5744,4.15055,,,
boonesmillpd.va.us,VA,4518498964946,4208.18009,4518.49896,4.10955,,,
barrowcoso.ga.us,GA,4389946833896,4088.45659,4389.94683,3.99263,,,
sheriff.leecountyil.com,IL,4344914985866,4046.51741,4344.91499,3.95168,,,
bluffton.in.gov,IN,4251283911503,3959.31668,4251.28391,3.86652,,,
itascacosd.mn.us,MN,4245312602573,3953.75546,4245.3126,3.86109,,,
wahpeton.com,ND,4204905309010,3916.12324,4204.90531,3.82434,,,
sanjuancoso.co.us,CO,4142504117756,3858.0076,4142.50412,3.76759,,,
shavanoparkpd.tx.us,TX,4075492331229,3795.59801,4075.49233,3.70664,,,
pikecounty911.org,AL,4052598341887,3774.27632,4052.59834,3.68582,,,
central.azdps.gov,AZ,3945220620327,3674.27303,3945.22062,3.58816,,,
prodtest,Texas,3877540986296,3611.24145,3877.54099,3.5266,,,
chathampolice.com,NY,3871865558377,3605.9558,3871.86556,3.52144,,,
paramuspolice.org,NJ,3854405879792,3589.69521,3854.40588,3.50556,,,
uca.edu,AR,3851391562014,3586.88791,3851.39156,3.50282,,,
northplainfield-nj.gov,NJ,3827228706887,3564.38449,3827.22871,3.48084,,,
co.lake.mi.us,MI,3808901834997,3547.31626,3808.90183,3.46418,,,
scsmi.net,MI,3766073661197,3507.42942,3766.07366,3.42522,,,
leegov.com,FL,3753151280603,3495.39451,3753.15128,3.41347,,,
eaf13c3365f34452a47534c1ab8dd09b (Agency not Matched),,3748241352928,3490.82179,3748.24135,3.40901,,,
kauai.gov,,3738037653441,3481.31885,3738.03765,3.39973,,,
northcaldwell.org,NJ,3667380975897,3415.51469,3667.38098,3.33546,,,
cityofmarianna.com,FL,3647449819577,3396.95236,3647.44982,3.31734,,,
manateecountyecc,FL,3556322593385,3312.08351,3556.32259,3.23446,,,
sheriff.lincolncountywy.gov,WY,3550744324153,3306.88835,3550.74432,3.22938,,,
hendersonvillenc.gov,NC,3506604019080,3265.77948,3506.60402,3.18924,,,
valleyviewpd.tx.us,TX,3409027044632,3174.90384,3409.02704,3.10049,,,
mishawakapd,IN,3395499178672,3162.30504,3395.49918,3.08819,,,
colliersheriff.org,Florida,3357502477899,3126.91785,3357.50248,3.05363,,,
co.chippewa.wi.us,WI,3320960535802,3092.88552,3320.96054,3.0204,,,
owensboropd.ky.us,KY,3273938240945,3049.09259,3273.93824,2.97763,,,
lvmpd.com,NV,3262602301287,3038.53518,3262.6023,2.96732,,,
shivelyky.gov,KY,3197810161246,2978.19279,3197.81016,2.90839,,,
marionpd.oh.us,OH,3180303959246,2961.88887,3180.30396,2.89247,,,
svpd.com,NY,3094503520976,2881.98099,3094.50352,2.81443,,,
daviesscoso.in.us,Indiana,3086765794616,2874.77467,3086.76579,2.8074,,,
pscd.pd.mesaaz.gov,,3076733044365,2865.43094,3076.73304,2.79827,,,
sinclair.edu,OH,3048315064905,2838.96463,3048.31506,2.77243,,,
sedgwickcounty.kansas911.org,,3030355369661,2822.23836,3030.35537,2.75609,,,
ecc.a.montgomerycountymd.gov,MD,2994996740485,2789.30808,2994.99674,2.72393,,,
stlucieco.gov,FL,2955383487350,2752.41536,2955.38349,2.68791,,,
ftbdso.911.org,,2880209502508,2682.40413,2880.2095,2.61954,,,
springdale.org,OH,2877490426354,2679.87179,2877.49043,2.61706,,,
kalamapd.wa.us,WA,2871751743073,2674.52723,2871.75174,2.61184,,,
whitehall-oh.us,OH,2868560489587,2671.55514,2868.56049,2.60894,,,
eastlandcountytexas.gov,TX,2855344348533,2659.24665,2855.34435,2.59692,,,
vbgov.com,VA,2841213532925,2646.0863,2841.21353,2.58407,,,
pulaskicounty.in.gov,IN,2836716698024,2641.8983,2836.7167,2.57998,,,
orem.org,UT,2821478128131,2627.70627,2821.47813,2.56612,,,
co.morris.nj.us,NJ,2819658855255,2626.01194,2819.65886,2.56446,,,
oconomowocpd.wi.us,WI,2818294774516,2624.74155,2818.29477,2.56322,,,
campverde.az.gov,AZ,2807846117017,2615.01047,2807.84612,2.55372,,,
greensheriff.com,WI,2799729444894,2607.45123,2799.72944,2.54634,,,
tucson.sheriff.pima.gov,AZ,2794035068365,2602.14793,2794.03507,2.54116,,,
capecoral.911.org,FL,2741695411117,2553.40283,2741.69541,2.49356,,,
co.nacogdoches.tx.us,Texas,2738766923327,2550.67546,2738.76692,2.49089,,,
woodstownpd.org,NJ,2706075637935,2520.22933,2706.07564,2.46116,,,
burlingtonpd.wa.us,WA,2690070761924,2505.32363,2690.07076,2.44661,,,
morrowcoso.oh.us,OH,2688288559393,2503.66382,2688.28856,2.44498,,,
reagancosd.tx.us,TX,2647720052427,2465.88146,2647.72005,2.40809,,,
stowpd.oh.us,OH,2612777027174,2433.33823,2612.77703,2.37631,,,
clinton-county.org,MI,2609655181136,2430.43078,2609.65518,2.37347,,,
coffeycountysheriff.org,KS,2572407427662,2395.74111,2572.40743,2.33959,,,
westfargond.gov,ND,2548013945018,2373.02291,2548.01395,2.31741,,,
905usgovarizona11634485 (Agency not Matched),,2522702605745,2349.44989,2522.70261,2.29438,,,
fayette-co-oh.com,OH,2502477337875,2330.61364,2502.47734,2.27599,,,
carrollcountyda.gov,MD,2484384670090,2313.76353,2484.38467,2.25953,,,
robesoncoso.org,NC,2483528634409,2312.96628,2483.52863,2.25876,,,
kearnypd.az.us,AZ,2482898586397,2312.3795,2482.89859,2.25818,,,
websterpd.com,,2474164634554,2304.24538,2474.16463,2.25024,,,
ecc.co.ramsey.mn.us,Minnesota,2415909937550,2249.99146,2415.90994,2.19726,,,
fosstonpd.mn.us,MN,2387820248646,2223.8309,2387.82025,2.17171,,,
ecomms.ongov.net,New York,2361248492170,2199.08403,2361.24849,2.14754,,,
villageofsteger.org,IL,2349241149813,2187.90132,2349.24115,2.13662,,,
ci.greenville.tx.us,TX,2303490873905,2145.29305,2303.49087,2.09501,,,
pd.ellsworthmaine.gov,ME,2275143724166,2118.89271,2275.14372,2.06923,,,
bayvillagepd.cuyahogacounty.us,,2248580360995,2094.15365,2248.58036,2.04507,,,
venturacocdpd.ca.us,CA,2236575358745,2082.97312,2236.57536,2.03415,,,
loganutah.org,UT,2223610962016,2070.89909,2223.61096,2.02236,,,
sheriffcitrus.org,FL,2216892576943,2064.6421,2216.89258,2.01625,,,
middletwppd.nj.us,NJ,2207580979562,2055.97,2207.58098,2.00778,,,
djj.georgia.gov,GA,2190373587503,2039.94437,2190.37359,1.99213,,,
so.sheriffleefl.org,FL,2189235779904,2038.8847,2189.23578,1.9911,,,
livingstonnj.org,NJ,2162923766214,2014.37973,2162.92377,1.96717,,,
carlsbadca.gov,CA,2161793207967,2013.32682,2161.79321,1.96614,,,
princetonpolice.com,MN,2125932595358,1979.92902,2125.9326,1.93352,,,
marlboropd.org,NJ,2124322233101,1978.42925,2124.32223,1.93206,,,
rc-sheriff.com,TX,2108044604528,1963.26953,2108.0446,1.91726,,,
frontroyalva.com,VA,2106983037572,1962.28087,2106.98304,1.91629,,,
sartellmn.com,MN,2105365304005,1960.77424,2105.3653,1.91482,,,
santafecounty.org,NM,2104299066086,1959.78122,2104.29907,1.91385,,,
eutawpd,AL,2097544588384,1953.49063,2097.54459,1.90771,,,
gilpincoso.co.us,CO,2096121626982,1952.16539,2096.12163,1.90641,,,
co.shawano.wi.us,WI,2086633772471,1943.32914,2086.63377,1.89778,,,
glendaleaz.com,Arizona,2061053002727,1919.50519,2061.053,1.87452,,,
newmarketpd.nh.us,NH,2028601728856,1889.28258,2028.60173,1.845,,,
da.co.nacogdoches.tx.us,TX,2025212655242,1886.12626,2025.21266,1.84192,,,
ci.monroe.wa.us,WA,2023997928200,1884.99496,2023.99793,1.84082,,,
911.howardcountymd.gov,,2015987983208,1877.53512,2015.98798,1.83353,,,
dispatch.mcso.org,Arizona,2013856698567,1875.55021,2013.8567,1.83159,,,
cityoflewiston.org,ID,2013018305278,1874.76939,2013.01831,1.83083,,,
butlercitypd.com,PA,1990617132588,1853.90667,1990.61713,1.81046,,,
stmatthewsky.gov,KY,1978989548804,1843.07764,1978.98955,1.79988,,,
wenatcheewa.gov,WA,1964746986718,1829.81322,1964.74699,1.78693,,,
jacksoncoso.oh.us,OH,1925409154338,1793.17701,1925.40915,1.75115,,,
bcso.bexarmetro911,TX,1886539121602,1756.97647,1886.53912,1.7158,,,
bouldercountysheriff.org,CO,1885706269001,1756.20082,1885.70627,1.71504,,,
milwaukeecountyoem,Wisconsin,1850186817775,1723.12075,1850.18682,1.68274,,,
montgomeryisdp.tx.us,TX,1825311261632,1699.95358,1825.31126,1.66011,,,
amarilloisdpd.tx.us,TX,1822938404461,1697.74369,1822.9384,1.65795,,,
hcpolice,NJ,1817873287530,1693.02643,1817.87329,1.65335,,,
parpolice.com,NJ,1816535267694,1691.7803,1816.53527,1.65213,,,
parkview.com,,1803822107578,1679.94025,1803.82211,1.64057,,,
wasatch.utah.gov,UT,1792571013988,1669.46185,1792.57101,1.63033,,,
pinal.gov,AZ,1792074816899,1668.99973,1792.07482,1.62988,,,
fmpolice.com,FL,1789983882923,1667.0524,1789.98388,1.62798,,,
e911.pbso.org,FL,1769259046581,1647.75089,1769.25905,1.60913,,,
shelby-sheriff.org,TN,1760154006672,1639.27116,1760.15401,1.60085,,,
aclink.org,NJ,1751136806415,1630.87324,1751.13681,1.59265,,,
centervilleohio.gov,OH,1748665531975,1628.57169,1748.66553,1.5904,,,
claremorecity.com,OK,1742999113324,1623.29442,1742.99911,1.58525,,,
delawareohio.net,OH,1730156919526,1611.3342,1730.15692,1.57357,,,
baldwinpark.com,CA,1728344213989,1609.64598,1728.34421,1.57192,,,
pd.cityofdenton.com,TX,1726194291068,1607.64371,1726.19429,1.56996,,,
amherstpolice.net,OH,1711434962919,1593.89802,1711.43496,1.55654,,,
tenaflypd.nj.us,NJ,1702409193316,1585.49211,1702.40919,1.54833,,,
solonohio.org,OH,1697378560520,1580.80697,1697.37856,1.54376,,,
yumaaz.gov,AZ,1695709287166,1579.25234,1695.70929,1.54224,,,
findlayohio.com,OH,1686341463571,1570.52787,1686.34146,1.53372,,,
pd.villageofworth.com,Illinois,1686128005037,1570.32907,1686.12801,1.53352,,,
communityisdpd.tx.us,TX,1670283311489,1555.57255,1670.28331,1.51911,,,
fayetteville-ar.gov,AR,1666715478596,1552.24975,1666.71548,1.51587,,,
houghtoncounty.net,MI,1659916340155,1545.91756,1659.91634,1.50969,,,
ivylandborough.org,PA,1659506626190,1545.53598,1659.50663,1.50931,,,
trentonflorida.org,FL,1658025460029,1544.15654,1658.02546,1.50797,,,
hillsborotx.org,TX,1650324567275,1536.98452,1650.32457,1.50096,,,
indiopd.org,CA,1632823366537,1520.68526,1632.82337,1.48504,,,
ecc.okaloosaecc,,1626764447693,1515.04245,1626.76445,1.47953,,,
pd.iowa-city.ia.us,Iowa,1596550820044,1486.90382,1596.55082,1.45205,,,
ncso.nicollet.mn.us,MN,1559144131325,1452.06613,1559.14413,1.41803,,,
villageofphoenix-ny.gov,NY,1545831026482,1439.66733,1545.83103,1.40593,,,
cityofmarina.org,California,1545430484623,1439.2943,1545.43048,1.40556,,,
metamoratownship.com,MI,1535996184775,1430.50792,1535.99618,1.39698,,,
darkecoso.oh.us,OH,1527068590883,1422.19345,1527.06859,1.38886,,,
johnsoncitytn.org,TN,1518727206811,1414.42493,1518.72721,1.38127,,,
austintowntwp.com,OH,1507515941313,1403.98363,1507.51594,1.37108,,,
delreyoaks.org,CA,1498925582352,1395.98323,1498.92558,1.36326,,,
cityofasotin.org,WA,1491955826050,1389.49214,1491.95583,1.35693,,,
garrettcoso.md.us,MD,1479832966598,1378.20185,1479.83297,1.3459,,,
sumtersc.gov,SC,1470155925081,1369.1894,1470.15593,1.3371,,,
comms.pd.tempe.gov,Arizona,1462068323141,1361.65723,1462.06832,1.32974,,,
uintacounty.com,WY,1451917092148,1352.20316,1451.91709,1.32051,,,
pvestates.org,CA,1433601177254,1335.14514,1433.60118,1.30385,,,
parkcity.org,UT,1425682276650,1327.77009,1425.68228,1.29665,,,
lagrangesd.com,Indiana,1410192106995,1313.34374,1410.19211,1.28256,,,
ecc.adacounty.id.gov,Idaho,1406230052238,1309.65379,1406.23005,1.27896,,,
ci.azusa.ca.us,CA,1399901520976,1303.75989,1399.90152,1.2732,,,
sheriff.dentoncounty.gov,Texas,1394647272710,1298.86649,1394.64727,1.26842,,,
azdps.gov,AZ,1382618403837,1287.66373,1382.6184,1.25748,,,
000motousgvva50 (Agency not Matched),,1374364993878,1279.97714,1374.36499,1.24998,,,
portsmouthva.gov,VA,1366774006486,1272.90749,1366.77401,1.24307,,,
winthropminnesota.com,MN,1356126612627,1262.99133,1356.12661,1.23339,,,
verobeachpd.fl.us,FL,1351238039617,1258.43849,1351.23804,1.22894,,,
clearfieldcity.org,UT,1346314915841,1253.85347,1346.31492,1.22447,,,
middlesextwp.com,PA,1345668965134,1253.25189,1345.66897,1.22388,,,
murfreesborotn.gov,Tennessee,1332328843203,1240.82793,1332.32884,1.21175,,,
flowoodpd.com,MS,1332289647395,1240.79142,1332.28965,1.21171,,,
gilbertaz.gov,AZ,1332044196362,1240.56283,1332.0442,1.21149,,,
parks.arkansas.gov,AR,1329101936943,1237.82264,1329.10194,1.20881,,,
lakeworthtx.org,TX,1321103412611,1230.37343,1321.10341,1.20154,,,
dillonsheriff.org,SC,1316069367598,1225.68511,1316.06937,1.19696,,,
highlandssheriff.org,,1301840703078,1212.43364,1301.8407,1.18402,,,
flagstaff.az,AZ,1290732975175,1202.08876,1290.73298,1.17391,,,
faulknercoso.ar.us,AR,1281291429883,1193.29563,1281.29143,1.16533,,,
prescott-az.gov,AZ,1270901385266,1183.61915,1270.90139,1.15588,,,
dps.grossepointepark.org,MI,1262401659962,1175.70316,1262.40166,1.14815,,,
hubbardcoso.mn.us,MN,1259236913143,1172.75576,1259.23691,1.14527,,,
rcc.lickingcounty.gov,OH,1241510604769,1156.24685,1241.5106,1.12915,,,
seacom.az.gov,AZ,1234479370161,1149.69851,1234.47937,1.12275,,,
brooklinema.gov,Massachusetts,1233675934354,1148.95025,1233.67593,1.12202,,,
normanok.gov,OK,1233648288636,1148.9245,1233.64829,1.122,,,
burnetpd.tx.us,TX,1233239901482,1148.54416,1233.2399,1.12163,,,
sumtercounty,FL,1229848133021,1145.38533,1229.84813,1.11854,,,
lafayettecoso.wi.us,,1221058199768,1137.19907,1221.0582,1.11055,,,
precc.yorkcovaecc,Virginia,1208840370768,1125.82033,1208.84037,1.09943,,,
hydecountyds.nc.us,NC,1203924113047,1121.2417,1203.92411,1.09496,,,
cityoflincolnnd.com,ND,1194524765765,1112.48788,1194.52477,1.08641,,,
mohave.gov,,1193526685621,1111.55835,1193.52669,1.08551,,,
pd.cityofnewbaltimore.org,MI,1169397114238,1089.08593,1169.39711,1.06356,,,
dps.alaska.gov,AK,1163216806353,1083.33007,1163.21681,1.05794,,,
lesueurcosd.mn.us,MN,1158615367915,1079.04465,1158.61537,1.05375,,,
casagrandeaz.gov,AZ,1157557295073,1078.05924,1157.5573,1.05279,,,
colvilletribes.com,WA,1153310478075,1074.10408,1153.31048,1.04893,,,
cityofjacksonville.net,AR,1152473000620,1073.32412,1152.473,1.04817,,,
sheriff.garlandcounty.org,AR,1152427394377,1073.28165,1152.42739,1.04813,,,
gmr.net,AZ,1137862970423,1059.71747,1137.86297,1.03488,,,
co.stevens.wa.us,WA,1132177481801,1054.42245,1132.17748,1.02971,,,
madison-co.com,MS,1094883806208,1019.69001,1094.88381,0.99579,,,
ossianin.com,IN,1091666163168,1016.69334,1091.66616,0.99286,,,
sanmiguelsheriff.org,Colorado,1071416566733,997.83444,1071.41657,0.97445,,,
sheriff.mcdonough.il.us,IL,1070224702413,996.72443,1070.2247,0.97336,,,
pd.cityofnorthlasvegas.com,NV,1065294642029,992.13295,1065.29464,0.96888,,,
riverdalecity.com,UT,1064232945708,991.14417,1064.23295,0.96791,,,
esd11.911.org,TX,1055916270998,983.39866,1055.91627,0.96035,,,
ycsoaz.gov,AZ,1054957120218,982.50538,1054.95712,0.95948,,,
southbeloit.org,IL,1042857220426,971.23647,1042.85722,0.94847,,,
pd.cityoflewisville.com,,1042052256984,970.48679,1042.05226,0.94774,,,
oakhillpd.oh.us,OH,1036567410291,965.37863,1036.56741,0.94275,,,
provo.org,UT,1032968209306,962.02661,1032.96821,0.93948,,,
rioblancocoso.co.us,CO,1031947224610,961.07575,1031.94722,0.93855,,,
sagchip.org,MI,1027894916155,957.30174,1027.89492,0.93486,,,
ci.mcminnville.or.us,OR,1022367389347,952.15383,1022.36739,0.92984,,,
cityofkingman.gov,AZ,1011667322282,942.18862,1011.66732,0.92011,,,
cottonwoodaz.gov,AZ,1009848934322,940.49511,1009.84893,0.91845,,,
co.hood.tx.us,TX,990733003640,922.69201,990.733,0.90107,,,
woodburnpd.in.us,IN,983551386378,916.00361,983.55139,0.89453,,,
wcrdc.net,CO,982459442493,914.98666,982.45944,0.89354,,,
lockportny.gov,NY,977663529166,910.52012,977.66353,0.88918,,,
bartlettpolice.org,TN,976935717468,909.84229,976.93572,0.88852,,,
peoriaaz.gov,AZ,972727686306,905.92325,972.72769,0.88469,,,
msi.demo.two,UT,968380997401,901.87508,968.381,0.88074,,,
iowacounty.org,WI,945376067005,880.45007,945.37607,0.85981,,,
kenmorepolice.org,New York,938124561812,873.69658,938.12456,0.85322,,,
navajocophsd.az.us,AZ,923247392922,859.84114,923.24739,0.83969,,,
hccomc.911.org,TX,922467236273,859.11456,922.46724,0.83898,,,
lawcoso.com,,921281035012,858.00983,921.28104,0.8379,,,
bullheadcity.com,Arizona,912696817926,850.01515,912.69682,0.83009,,,
russellspointpd.oh.us,OH,898732708147,837.01006,898.73271,0.81739,,,
coldspringpd.mn.us,MN,895547787253,834.04387,895.54779,0.8145,,,
emichigancity.com,IN,893984911772,832.58833,893.98491,0.81307,,,
fcso.franklincountyil.gov,IL,888730224092,827.69452,888.73022,0.8083,,,
medinapd.ny.us,NY,888583774196,827.55813,888.58377,0.80816,,,
spotsylvania.va.us,,882801143827,822.17263,882.80114,0.8029,,,
ansontx.us,TX,881472798919,820.93552,881.4728,0.80169,,,
huntsvillepd.al.us,,877714968308,817.43576,877.71497,0.79828,,,
sumnercoso.tn.us,TN,851888294749,793.3828,851.88829,0.77479,,,
vecc911.com,Utah,836062834057,778.64419,836.06283,0.76039,,,
ci.gary.in.us,IN,824206088202,767.60174,824.20609,0.74961,,,
yumacountysheriff.org,AZ,823500822295,766.94491,823.50082,0.74897,,,
mrdc.mesaaz.gov,Arizona,812440795304,756.64445,812.4408,0.73891,,,
safd.bexarmetro911,TX,807150275511,751.71727,807.15028,0.7341,,,
911.missoulacounty.us,MT,803266959169,748.10065,803.26696,0.73057,,,
hopewelltwppd.nj.us,NJ,790365758932,736.08547,790.36576,0.71883,,,
co.mason.wa.us,Washington,790146004552,735.88081,790.146,0.71863,,,
cityofsherwood.net,AR,763068077196,710.66253,763.06808,0.69401,,,
co.pueblo.co.us,Colorado,756784809212,704.81078,756.78481,0.68829,,,
sumtercoso.fl.us,FL,750179245103,698.65887,750.17925,0.68228,,,
planoparks.org,TX,746078981034,694.8402,746.07898,0.67855,,,
opd.oswegocounty.com,NY,739487054118,688.70099,739.48705,0.67256,,,
pd.canfield.gov,OH,731645097924,681.3976,731.6451,0.66543,,,
maricopa-az.gov,AZ,725888330714,676.03619,725.88833,0.66019,,,
co.waupaca.wi.us,WI,720384249794,670.91011,720.38425,0.65519,,,
graysharbor.us,WA,717139749793,667.88844,717.13975,0.65223,,,
manasquan-nj.gov,NJ,717043421313,667.79873,717.04342,0.65215,,,
shawneecounty.kansas911.org,KS,714786780660,665.69706,714.78678,0.65009,,,
prcity.com,CA,714044424341,665.00569,714.04442,0.64942,,,
gric.nsn.us,AZ,712479465853,663.54821,712.47947,0.648,,,
runnemedepd.nj.us,NJ,696205486117,648.39189,696.20549,0.6332,,,
ecc.ocso.okaloosa.fl.us,FL,692580866123,645.0162,692.58087,0.6299,,,
pasdna.911.org,Texas,691583734173,644.08754,691.58373,0.62899,,,
comms.sheriff.co.beaufort.sc.us,SC,690191453373,642.79088,690.19145,0.62773,,,
mandanpd.nd.us,ND,683952682133,636.98057,683.95268,0.62205,,,
lhcaz.gov,AZ,683109883598,636.19566,683.10988,0.62128,,,
scottsdaleaz.gov,Arizona,673181535720,626.94916,673.18154,0.61226,,,
leesburgflorida.gov,FL,671031140267,624.94645,671.03114,0.6103,,,
mckeesrockspd.org,PA,667829135310,621.96435,667.82914,0.60739,,,
ntecc911.org,,667817790902,621.95378,667.81779,0.60738,,,
opkansas.org,KS,657052509766,611.92784,657.05251,0.59759,,,
lincolnil.gov,IL,646573967984,602.16893,646.57397,0.58806,,,
dearborncounty.in.gov,IN,645949594295,601.58744,645.94959,0.58749,,,
988.dutchessny.gov,NY,639052547229,595.16406,639.05255,0.58121,,,
cffire.911.org,TX,635858788612,592.18964,635.85879,0.57831,,,
germantown-tn.gov,TN,612217927154,570.17238,612.21793,0.55681,,,
ypd.yonkersny.gov,,606775417624,565.10364,606.77542,0.55186,,,
westwoodnj.gov,NJ,601451809472,560.14565,601.45181,0.54702,,,
minooka.com,IL,595226497601,554.34787,595.2265,0.54136,,,
lapazsheriff.org,AZ,592749303160,552.04081,592.7493,0.5391,,,
tompkins-co.org,NY,591335208878,550.72383,591.33521,0.53782,,,
yarmouth.ma.us,MA,589209004462,548.74365,589.209,0.53588,,,
cityofnewcastle.net,IN,571052471247,531.83406,571.05247,0.51937,,,
pd.miamiokla.net,OK,569412510044,530.30672,569.41251,0.51788,,,
lovesparkpolice.org,IL,564366328412,525.6071,564.36633,0.51329,,,
ehccomc.911.org,TX,562259258997,523.64474,562.25926,0.51137,,,
co.door.wi.us,WI,557470707411,519.18505,557.47071,0.50702,,,
westpottsgrove.org,PA,556093033761,517.902,556.09303,0.50576,,,
nederlandpd.co.us,CO,551040531817,513.19649,551.04053,0.50117,,,
cityofwrens.com,GA,549935865374,512.16769,549.93587,0.50016,,,
germantwnpd.pa.us,PA,549902119197,512.13626,549.90212,0.50013,,,
athenssheriff.com,OH,549549362297,511.80773,549.54936,0.49981,,,
pd.southernshores-nc.gov,NC,539812005989,502.73911,539.81201,0.49096,,,
columbusga.org,Georgia,538742344970,501.74291,538.74234,0.48998,,,
juneaucoso.wi.us,,534606196396,497.89082,534.6062,0.48622,,,
comms.sheriff.co.martin.fl.us,FL,533460545559,496.82385,533.46055,0.48518,,,
boisecounty.us,,526403590835,490.25155,526.40359,0.47876,,,
ecd.dgso.org,KS,526133991174,490.00046,526.13399,0.47852,,,
windhampd.me.us,Maine,524284506444,488.278,524.28451,0.47683,,,
nashville.gov,TN,519503092559,483.82496,519.50309,0.47249,,,
911.billings.mt.us,MT,518795162284,483.16565,518.79516,0.47184,,,
colliervilletn.gov,TN,517809996430,482.24814,517.81,0.47095,,,
msi.watchguard.tso,,513888830219,478.59627,513.88883,0.46738,,,
esd100.911.org,TX,513381273892,478.12357,513.38127,0.46692,,,
castlerockpd.wa.us,WA,512709280679,477.49773,512.70928,0.46631,,,
utahcounty.gov,,512249808588,477.06981,512.24981,0.46589,,,
henrycounty.in.gov,,510895205096,475.80824,510.89521,0.46466,,,
wethersfieldct.gov,CT,507635173214,472.7721,507.63517,0.46169,,,
baytwn.911.org,TX,505992028065,471.2418,505.99203,0.4602,,,
ingrampd.pa.us,PA,504128083665,469.50586,504.12808,0.4585,,,
teaneckpd.nj.us,NJ,503544592597,468.96245,503.54459,0.45797,,,
mcsofl.org,FL,494363556170,460.41194,494.36356,0.44962,,,
mercercounty911.org,NJ,487762916240,454.26461,487.76292,0.44362,,,
laurinburg.org,NC,481865460610,448.77218,481.86546,0.43825,,,
jacksoncountysheriffin.org,Indiana,479231650513,446.31925,479.23165,0.43586,,,
seagirtpd.net,NJ,476948900371,444.19328,476.9489,0.43378,,,
bountiful.gov,UT,476255008669,443.54704,476.25501,0.43315,,,
ecomms.sheboygancounty.com,WI,470128954607,437.84171,470.12895,0.42758,,,
maranaaz.gov,AZ,456691018142,425.32665,456.69102,0.41536,,,
campusshield.org,FL,436834529897,406.83386,436.83453,0.3973,,,
pd.moundsview.mn.us,MN,436701820335,406.71026,436.70182,0.39718,,,
gvsu.edu,MI,435825124955,405.89378,435.82512,0.39638,,,
monroela.us,LA,435472191499,405.56508,435.47219,0.39606,,,
sheridanpolice.com,WY,434110471543,404.29688,434.11047,0.39482,,,
dps.sd.gov,SD,434108732449,404.29526,434.10873,0.39482,,,
ci.brea.ca.us,CA,433770466759,403.98023,433.77047,0.39451,,,
police.ventnorcity.org,NJ,433026485914,403.28734,433.02649,0.39384,,,
dmcounty.com,Iowa,431871313210,402.2115,431.87131,0.39278,,,
siouxcitypd.ia.us,,428782953853,399.33524,428.78295,0.38998,,,
bayfieldcounty.wi.gov,WI,423726799259,394.62633,423.7268,0.38538,,,
marblefallstx.gov,TX,420260820024,391.39839,420.26082,0.38222,,,
pd.tolleson.az.gov,AZ,419224047646,390.43282,419.22405,0.38128,,,
bgky.org,KY,418142148595,389.42522,418.14215,0.3803,,,
911.surpriseaz.gov,AZ,416742585397,388.12178,416.74259,0.37903,,,
kalkaskasheriff.net,,416302075344,387.71152,416.30208,0.37862,,,
paysonaz.gov,AZ,414972839928,386.47357,414.97284,0.37742,,,
shelbycountytn.gov,TN,414459377247,385.99537,414.45938,0.37695,,,
fw.dep.nj.gov,NJ,413056490805,384.68883,413.05649,0.37567,,,
milltownnj.org,NJ,411031641133,382.80305,411.03164,0.37383,,,
southbury-ct.gov,CT,406104093633,378.21391,406.10409,0.36935,,,
ecc.cherokeega.com,GA,403684102305,375.96012,403.6841,0.36715,,,
msi.sedemo.demo.ccpd,IL,400707398340,373.18785,400.7074,0.36444,,,
police.northbrunswicknj.gov,NJ,399071202933,371.66402,399.0712,0.36295,,,
rooseveltpd.ut.us,UT,398953968672,371.55484,398.95397,0.36285,,,
whitecoso.ar.us,AR,397408747531,370.11574,397.40875,0.36144,,,
ci.urbana.oh.us,OH,397171611966,369.89489,397.17161,0.36123,,,
fairviewpark.org,OH,396954310251,369.69251,396.95431,0.36103,,,
kcgov.us,Idaho,394722730394,367.61419,394.72273,0.359,,,
suglnd.911.org,TX,394283909156,367.20551,394.28391,0.3586,,,
southsaltlakecity.com,UT,393829665427,366.78246,393.82967,0.35819,,,
bethlehem-pa.gov,PA,392532326307,365.57422,392.53233,0.35701,,,
newingtonct.gov,CT,390186873517,363.38984,390.18687,0.35487,,,
firerescue.pbcgov.org,FL,389056427074,362.33703,389.05643,0.35384,,,
rawlins-wyoming.com,WY,388533151272,361.84969,388.53315,0.35337,,,
saukcountywi.gov,WI,387891078898,361.25172,387.89108,0.35278,,,
stonecountysheriff.com,AR,381032577818,354.86424,381.03258,0.34655,,,
freeburg.com,IL,380595272151,354.45697,380.59527,0.34615,,,
lakestevenswa.gov,WA,377264458622,351.35491,377.26446,0.34312,,,
franklincoso.va.us,VA,376919710337,351.03384,376.91971,0.34281,,,
naplesgov.com,FL,375693936925,349.89224,375.69394,0.34169,,,
eastridgetn.org,TN,374646800212,348.91702,374.6468,0.34074,,,
townofedgewoodin.us,IN,373903453697,348.22473,373.90345,0.34006,,,
friendswood.tx.us,TX,371730097571,346.20063,371.7301,0.33809,,,
hartford-vt.org,VT,370837113163,345.36897,370.83711,0.33727,,,
msi.demo.tartan,IL,366936254355,341.73602,366.93625,0.33373,,,
ecc.gcso.galco,Texas,365500418250,340.39879,365.50042,0.33242,,,
transcriptionprodtestsite,,364630162561,339.5883,364.63016,0.33163,,,
cu911.org,,359791917088,335.08233,359.79192,0.32723,,,
pd.eastgrandforks.mn.us,MN,358868120828,334.22198,358.86812,0.32639,,,
mcso.mckenziecounty.net,ND,357266885935,332.73072,357.26689,0.32493,,,
carbonwy.com,WY,356125422261,331.66765,356.12542,0.32389,,,
ci.dearborn-heights.mi.us,MI,355589987934,331.16898,355.58999,0.32341,,,
hutchinsonreno.kansas911.org,KS,355036799428,330.65379,355.0368,0.3229,,,
sheriff.co.caldwell.tx.us,TX,348524788032,324.589,348.52479,0.31698,,,
89ba04bcd1fd7958ec59e101eb66d281 (Agency not Matched),,346066355189,322.29941,346.06636,0.31475,,,
campbellcosd.va.us,VA,345799590096,322.05096,345.79959,0.3145,,,
comms.cortezco.gov,CO,343133950569,319.56839,343.13395,0.31208,,,
bcnv.org,NV,343020881661,319.46309,343.02088,0.31198,,,
roscommoncoso.mi.us,MI,341646356193,318.18296,341.64636,0.31073,,,
flower-mound.com,TX,340562301126,317.17336,340.5623,0.30974,,,
highlandsborough.org,NJ,336706493795,313.58236,336.70649,0.30623,,,
elpasoco.com,CO,336614043967,313.49626,336.61404,0.30615,,,
pd.ennis.tx.us,TX,336603813868,313.48673,336.60381,0.30614,,,
tallmadge-ohio.org,OH,335534891372,312.49122,335.53489,0.30517,,,
puyallupwa.gov,WA,334854448555,311.85751,334.85445,0.30455,,,
veccaz.org,AZ,334127807762,311.18077,334.12781,0.30389,,,
millingtontn.gov,TN,333714081910,310.79546,333.71408,0.30351,,,
allenpd.tx.us,TX,327354644254,304.87277,327.35464,0.29773,,,
pd.cityofdavis.org,CA,326426209188,304.0081,326.42621,0.29688,,,
911.avondaleaz.gov,AZ,326145453310,303.74662,326.14545,0.29663,,,
stoneypointfirerescue.com,NC,325242487552,302.90567,325.24249,0.29581,,,
eddy911.com,NM,322746407406,300.58102,322.74641,0.29354,,,
fhp.e911.pbso.org,FL,321819102808,299.7174,321.8191,0.29269,,,
coolidgeaz.com,AZ,319854060322,297.88731,319.85406,0.29091,,,
leacty.911.org,TX,317646978887,295.8318,317.64698,0.2889,,,
villageofwinfield.com,IL,316297193445,294.57472,316.29719,0.28767,,,
greenvillepd.oh.us,OH,313251673972,291.73836,313.25167,0.2849,,,
911.buckeyeaz.gov,AZ,312252616817,290.80791,312.25262,0.28399,,,
lafayette911.org,LA,310257925809,288.95021,310.25793,0.28218,,,
univheightspd.oh.us,OH,302405866884,281.63741,302.40587,0.27504,,,
co.yakima.wa.us,WA,301219155482,280.5322,301.21916,0.27396,,,
wspd.us,TX,299692996933,279.11085,299.693,0.27257,,,
co.bingham.id.us,ID,297484471023,277.054,297.48447,0.27056,,,
ecc.tiogacountyny.gov,New York,297378342473,276.95516,297.37834,0.27046,,,
ssf.net,CA,289529387793,269.64525,289.52939,0.26333,,,
newportpd.us,WA,287978183370,268.20058,287.97818,0.26191,,,
jacksoncosd.fl.us,FL,282736526285,263.31891,282.73653,0.25715,,,
msi.demo,Illinois,281127511259,261.8204,281.12751,0.25568,,,
pikecountysheriff.oh.gov,OH,278240661196,259.13181,278.24066,0.25306,,,
barringtonpd.il.us,IL,275185037670,256.28604,275.18504,0.25028,,,
pd.chardon.cc,OH,274820169471,255.94623,274.82017,0.24995,,,
comms.sheriff.cattco.gov,New York,269467074830,250.96077,269.46707,0.24508,,,
yuma.ruralmetrofire,AZ,268969824194,250.49767,268.96982,0.24463,,,
rdc.fd.phoenix.gov,AZ,266808479333,248.48476,266.80848,0.24266,,,
pd.plymouthgov.com,WI,265569213749,247.3306,265.56921,0.24153,,,
orovalleyaz.gov,AZ,265277619867,247.05904,265.27762,0.24127,,,
florenceaz.gov,AZ,264485352605,246.32118,264.48535,0.24055,,,
ecc.cortlandcountyny.gov,New York,264301729061,246.15017,264.30173,0.24038,,,
unionbeachnj.gov,NJ,262966165067,244.90633,262.96617,0.23917,,,
sanluisaz.gov,AZ,262443787562,244.41982,262.44379,0.23869,,,
teasd.com,SD,261965617130,243.97449,261.96562,0.23826,,,
fedheights.org,CO,260155255386,242.28846,260.15526,0.23661,,,
vpsfl.org,FL,259899719461,242.05048,259.89972,0.23638,,,
pd.cityofwestworth.com,Texas,259153441421,241.35545,259.15344,0.2357,,,
maricopa.amr.net,AZ,258345592569,240.60308,258.34559,0.23496,,,
madisonpd.org,,258090180782,240.36521,258.09018,0.23473,,,
idahocitypd,ID,256946247385,239.29984,256.94625,0.23369,,,
pd.keizer.or.us,OR,255886420813,238.3128,255.88642,0.23273,,,
ci.sherman.tx.us,TX,254179424047,236.72304,254.17942,0.23117,,,
adaoh.org,OH,251987026128,234.68121,251.98703,0.22918,,,
dallascountyiowa.gov,IA,251031249168,233.79107,251.03125,0.22831,,,
miscty.911.org,TX,249661877866,232.51574,249.66188,0.22707,,,
pearld.911.org,TX,248399303569,231.33988,248.3993,0.22592,,,
wcso.org,Florida,246166639754,229.26055,246.16664,0.22389,,,
police.apachejunctionaz.gov,Arizona,243637500312,226.9051,243.6375,0.22159,,,
longboatkey.org,FL,243250400849,226.54459,243.2504,0.22123,,,
oak-forest.org,IL,241795062426,225.1892,241.79506,0.21991,,,
pd.co.aa.md.us,MD,240638480122,224.11205,240.63848,0.21886,,,
eastonpd.com,MA,238986659418,222.57367,238.98666,0.21736,,,
msi.smoke.tests,ILTest1,238931318922,222.52213,238.93132,0.21731,,,
umpd.umd.edu,MD,238005020827,221.65945,238.00502,0.21646,,,
santacruzcountyaz.gov,AZ,237598919831,221.28124,237.59892,0.21609,,,
bangormaine.gov,ME,236155815408,219.93724,236.15582,0.21478,,,
weber911.org,UT,233778601659,217.72329,233.7786,0.21262,,,
ahnj.com,NJ,232784730782,216.79767,232.78473,0.21172,,,
comms.lcso.lake.fl.us,FL,232433152976,216.47024,232.43315,0.2114,,,
cedarlakepd.in.us,IN,231107297058,215.23544,231.1073,0.21019,,,
rcsotn.com,TN,230994269360,215.13018,230.99427,0.21009,,,
algonquin.com,IL,227963168269,212.30724,227.96317,0.20733,,,
co.jones.ms.us,MS,226938059227,211.35254,226.93806,0.2064,,,
ecc.fordcounty.net,KS,226667229857,211.10031,226.66723,0.20615,,,
plantcitygov.com,Florida,225692608218,210.19262,225.69261,0.20527,,,
cityofwellston.org,OH,225139177031,209.6772,225.13918,0.20476,,,
coonrapidspd.mn.us,MN,222894185457,207.58639,222.89419,0.20272,,,
pd.roysecity.com,TX,220749375731,205.58888,220.74938,0.20077,,,
sturgeonbaypolice.com,WI,217573259780,202.63089,217.57326,0.19788,,,
ecc.crispcounty.com,Georgia,215177627253,200.39978,215.17763,0.1957,,,
hillsdalepd.nj.us,NJ,214565031095,199.82926,214.56503,0.19515,,,
ashtabulacounty.us,OH,214074244765,199.37218,214.07424,0.1947,,,
somertonaz.gov,AZ,212454501060,197.86367,212.4545,0.19323,,,
nogalesaz.gov,AZ,211208039806,196.70282,211.20804,0.19209,,,
astoria.or.us,OR,207640384259,193.38018,207.64038,0.18885,,,
vernoncountyso.mo.us,MO,205158821886,191.06904,205.15882,0.18659,,,
cascadepd.wi.us,WI,204315066106,190.28323,204.31507,0.18582,,,
cityofelma.com,WA,204212799910,190.18799,204.2128,0.18573,,,
mountainlakespd.nj.us,NJ,204212290926,190.18752,204.21229,0.18573,,,
mountzionpd.il.us,IL,203274746880,189.31436,203.27475,0.18488,,,
gloucester.yorkcovaecc,Virginia,202906425238,188.97133,202.90643,0.18454,,,
pd.ci.lapeer.mi.us,MI,202404351535,188.50374,202.40435,0.18409,,,
msi.rjs.fe.e2e.pd,Utah,200261222012,186.5078,200.26122,0.18214,,,
fairbankspd.ak.us,AK,199147867405,185.4709,199.14787,0.18112,,,
coawi.org,WI,196373158398,182.88676,196.37316,0.1786,,,
uapd.arizona.edu,,195798128316,182.35122,195.79813,0.17808,,,
leesburgva.gov,Virginia,195713372231,182.27228,195.71337,0.178,,,
greenlakeso.wi.us,WI,193684089554,180.38236,193.68409,0.17615,,,
lcecc.kansas911.org,,191793504448,178.62162,191.7935,0.17444,,,
dac.state.ok.us,OK,190172346025,177.1118,190.17235,0.17296,,,
alpenacoso.mi.us,MI,189138497450,176.14895,189.1385,0.17202,,,
911psc.charlescountymd.gov,MD,188189933817,175.26553,188.18993,0.17116,,,
fresnocodao.ca.us,CA,187681992924,174.79248,187.68199,0.1707,,,
escanaba.org,MI,187263641022,174.40286,187.26364,0.17032,,,
hammontonpd.nj.us,NJ,186507727819,173.69886,186.50773,0.16963,,,
townofporter.com,IN,185505728054,172.76567,185.50573,0.16872,,,
abingdon-va.gov,VA,185209710241,172.48998,185.20971,0.16845,,,
altusok.gov,OK,184976174334,172.27249,184.97617,0.16823,,,
alleghenycohauth.pa.us,PA,182256655340,169.73974,182.25666,0.16576,,,
comms.gadsdensheriff.com,Florida,181132697268,168.69297,181.1327,0.16474,,,
economyboropd.com,PA,180283674610,167.90226,180.28367,0.16397,,,
mattawanmi.com,MI,179544855014,167.21418,179.54486,0.1633,,,
blackfoot.bingham.id.us,ID,179137868237,166.83514,179.13787,0.16292,,,
boydpd.tx.us,TX,177172264740,165.00453,177.17226,0.16114,,,
humble.911.org,TX,177024295229,164.86672,177.0243,0.161,,,
msi.ccch.cypressstandalone,,175118024303,163.09137,175.11802,0.15927,,,
sheriff.stjosephcountymi.org,MI,174587554734,162.59733,174.58755,0.15879,,,
ouachita911.org,LA,174490628680,162.50706,174.49063,0.1587,,,
nbpd.bexarmetro911,TX,174329207857,162.35673,174.32921,0.15855,,,
ioniacounty.org,MI,173266727775,161.36722,173.26673,0.15759,,,
pd.sedonaaz.gov,AZ,172749647012,160.88565,172.74965,0.15711,,,
vilascoso.wi.us,WI,172574663297,160.72268,172.57466,0.15696,,,
co.marquette.wi.us,WI,172200566212,160.37427,172.20057,0.15662,,,
arlingtontx.gov,,171289796884,159.52605,171.2898,0.15579,,,
co.caribou.id.us,ID,170098105771,158.41621,170.09811,0.1547,,,
almaarkansas.gov,AR,169399628423,157.7657,169.39963,0.15407,,,
springfield.fl.gov,FL,168527154122,156.95314,168.52715,0.15327,,,
cornell.edu,NY,166806016884,155.35021,166.80602,0.15171,,,
menomineemi.gov,MI,166319974348,154.89755,166.31997,0.15127,,,
police.cityofkennedale.com,TX,164607117912,153.30232,164.60712,0.14971,,,
jaspercountysc.gov,SC,163778856722,152.53095,163.77886,0.14896,,,
pd.franklin-townshipohio.gov,OH,162522219910,151.36061,162.52222,0.14781,,,
bensonaz.gov,AZ,162044982843,150.91615,162.04498,0.14738,,,
elliscountysheriff.com,TX,162008023371,150.88173,162.00802,0.14735,,,
goldenvalleydps.mn.us,MN,161668735915,150.56574,161.66874,0.14704,,,
bvcogwashingtoncounty.bvcog,,160416075874,149.39911,160.41608,0.1459,,,
pd.provincetown-ma.gov,MA,158804813376,147.89851,158.80481,0.14443,,,
longbeachwa.gov,WA,158729398421,147.82827,158.7294,0.14436,,,
amesburyma.gov,MA,157887744001,147.04442,157.88774,0.1436,,,
washcowisco.gov,WI,156771880867,146.00519,156.77188,0.14258,,,
bergenfieldpd.nj.us,NJ,156754534251,145.98904,156.75453,0.14257,,,
horiconwi.gov,WI,156127926964,145.40546,156.12793,0.142,,,
villageofmccook.org,IL,155820976670,145.11959,155.82098,0.14172,,,
georgetown.org,TX,155602521883,144.91614,155.60252,0.14152,,,
plumboro.com,PA,155522181469,144.84132,155.52218,0.14145,,,
co.kerr.tx.us,TX,154623799792,144.00464,154.6238,0.14063,,,
fortyfortpd.org,Pennsylvania,154161770342,143.57434,154.16177,0.14021,,,
hardingnj.org,NJ,153039224549,142.52888,153.03922,0.13919,,,
cityoffestus.org,MO,151553774527,141.14545,151.55377,0.13784,,,
comms.firerescue.co.martin.fl.us,FL,151118451301,140.74003,151.11845,0.13744,,,
dibollpd.tx.us,TX,150818743094,140.4609,150.81874,0.13717,,,
njtransit.com,NJ,150355181334,140.02917,150.35518,0.13675,,,
frwood.911.org,TX,149416601225,139.15505,149.4166,0.13589,,,
ecc.gpd.galco,Texas,149190606779,138.94458,149.19061,0.13569,,,
branchburg.nj.us,NJ,148972064092,138.74105,148.97206,0.13549,,,
ogemawcosd.mi.us,MI,148472594370,138.27588,148.47259,0.13504,,,
delancotownship.com,NJ,148449927950,138.25477,148.44993,0.13501,,,
pd.austincc.edu,Texas,147853610166,137.6994,147.85361,0.13447,,,
jcc.alleganygov.org,MD,146997677178,136.90226,146.99768,0.13369,,,
villageofcadott.com,WI,145769138253,135.75809,145.76914,0.13258,,,
ellisco.kansas911.org,,144556328116,134.62857,144.55633,0.13147,,,
haddonfieldpd.nj.us,NJ,144341704714,134.42869,144.3417,0.13128,,,
e911.fcema.org,PA,142956252339,133.13838,142.95625,0.13002,,,
co.cal.md.us,MD,140882993331,131.20751,140.88299,0.12813,,,
sheriff.co.midland.mi.us,MI,138169589487,128.68046,138.16959,0.12566,,,
opalockafl.gov,Florida,137841636491,128.37503,137.84164,0.12537,,,
douglasaz.gov,AZ,137788872414,128.32589,137.78887,0.12532,,,
wyckoffpolice.org,NJ,137350729589,127.91784,137.35073,0.12492,,,
washingtoncosheriff.org,TX,135743788199,126.42125,135.74379,0.12346,,,
co.augusta.va.us,VA,134950876947,125.6828,134.95088,0.12274,,,
911.jacksonso.com,Florida,134153919829,124.94057,134.15392,0.12201,,,
cityofmiltonwv.com,WV,133032566746,123.89623,133.03257,0.12099,,,
co.brown.mn.us,MN,132689379122,123.57661,132.68938,0.12068,,,
rsberg.911.org,TX,132425120371,123.3305,132.42512,0.12044,,,
eloyaz.gov,,132189217578,123.1108,132.18922,0.12023,,,
911.co.silverbow.mt.us,MT,131254666636,122.24043,131.25467,0.11938,,,
asu.edu,AZ,130733012542,121.75461,130.73301,0.1189,,,
cityofrushville.in.gov,IN,129806032572,120.89129,129.80603,0.11806,,,
schaumburg.com,IL,129503840028,120.60985,129.50384,0.11778,,,
msi.demo.transcription,UT,129455499931,120.56483,129.4555,0.11774,,,
pd.cityofhewitt.com,TX,129039375956,120.17728,129.03938,0.11736,,,
coab.us,FL,128975140384,120.11746,128.97514,0.1173,,,
co.madison.il.us,IL,128848487115,119.9995,128.84849,0.11719,,,
pd.pageaz.gov,AZ,128628333419,119.79447,128.62833,0.11699,,,
zumbrotapd.mn.us,MN,128361478892,119.54594,128.36148,0.11674,,,
911.goodyearaz.gov,AZ,128071609789,119.27598,128.07161,0.11648,,,
gaylordpd.mn.us,MN,127796939316,119.02017,127.79694,0.11623,,,
tipsubmit.test,Other,127441839995,118.68946,127.44184,0.11591,,,
dfw.wa.gov,WA,125789075932,117.15021,125.78908,0.1144,,,
laprte.911.org,TX,125032119432,116.44524,125.03212,0.11372,,,
burbankil.gov,IL,124739137568,116.17237,124.73914,0.11345,,,
911.gchsem.com,WV,124262079271,115.72808,124.26208,0.11302,,,
pd.mountgilead.net,OH,123287710801,114.82063,123.28771,0.11213,,,
hardincoso.ky.us,KY,122905950639,114.46509,122.90595,0.11178,,,
wbstr.911.org,TX,122766901988,114.33559,122.7669,0.11166,,,
co.silverbow.mt.us,MT,122303202280,113.90373,122.3032,0.11123,,,
so.marshallcounty.il.us,IL,122185438968,113.79406,122.18544,0.11113,,,
wickenburgaz.gov,AZ,122081799994,113.69754,122.0818,0.11103,,,
thecolonytx.gov,TX,121947495286,113.57246,121.9475,0.11091,,,
weber.edu,UT,121458887065,113.1174,121.45889,0.11047,,,
mhanation.com,ND,118024818734,109.91918,118.02482,0.10734,,,
ppso.net,LA,117608745524,109.53168,117.60875,0.10696,,,
ccso.bexarmetro911,TX,117177933132,109.13045,117.17793,0.10657,,,
mooresvillepd.in.us,IN,116890200943,108.86248,116.8902,0.10631,,,
gerrishtwppd.mi.us,MI,115363634173,107.44076,115.36363,0.10492,,,
chicagopd,IL,114846554281,106.95919,114.84655,0.10445,,,
oceancoso.nj.us,New Jersey,113837746358,106.01966,113.83775,0.10353,,,
marshalltexas.net,TX,113449849413,105.65841,113.44985,0.10318,,,
radfordva.gov,VA,113087873291,105.32129,113.08787,0.10285,,,
colville.wa.us,WA,112871333464,105.11962,112.87133,0.10266,,,
daphnepolice.org,AL,112441276234,104.7191,112.44128,0.10226,,,
pd.englewood.oh.us,OH,111550545716,103.88954,111.55055,0.10145,,,
cityofirvine.org,CA,110895879879,103.27984,110.89588,0.10086,,,
gilacountyaz.gov,AZ,110054424980,102.49617,110.05442,0.10009,,,
ioniadps.mi,MI,110012684436,102.4573,110.01268,0.10006,,,
madisonlakemn.gov,MN,109804820444,102.26371,109.80482,0.09987,,,
vsp.vermont.gov,VT,109552965847,102.02915,109.55297,0.09964,,,
grundycountyil.gov,IL,108603650275,101.14503,108.60365,0.09877,,,
nau.edu,AZ,107283029169,99.91511,107.28303,0.09757,,,
paradisevalleyaz.gov,AZ,106289752631,98.99005,106.28975,0.09667,,,
sarpd.com,PA,105661877414,98.40529,105.66188,0.0961,,,
essexsheriff.com,NJ,105504537407,98.25876,105.50454,0.09596,,,
sheriff.lafayetteco.ms.us,MS,105465151465,98.22208,105.46515,0.09592,,,
katypd.911.org,TX,104569388849,97.38783,104.56939,0.09511,,,
allencounty.kansas911.org,KS,104006055021,96.86319,104.00606,0.09459,,,
so.woodburycountyiowa.gov,IA,103623565422,96.50697,103.62357,0.09425,,,
tocc.us,AZ,103360274312,96.26176,103.36027,0.09401,,,
labettecounty.kansas911.org,KS,102650456322,95.60069,102.65046,0.09336,,,
rbpf.bs,LACR,102385623985,95.35404,102.38562,0.09312,,,
blacksburg.gov,VA,102092848088,95.08137,102.09285,0.09285,,,
pd.cityofharrisville.com,UT,101937312165,94.93652,101.93731,0.09271,,,
911.co.callaway.mo.us,MO,101360297706,94.39913,101.3603,0.09219,,,
sdccd.edu,CA,99701127949,92.85391,99.70113,0.09068,,,
cortlandcoso.ny.us,NY,98970450945,92.17342,98.97045,0.09001,,,
szpd.bexarmetro911,TX,98673905860,91.89724,98.67391,0.08974,,,
deerpk.911.org,TX,98532355719,91.76541,98.53236,0.08961,,,
sheriff.co.leon.tx.us,TX,97583690610,90.88189,97.58369,0.08875,,,
pd.highlandvillage.org,TX,95525036838,88.96462,95.52504,0.08688,,,
wiu.edu,IL,95227418655,88.68744,95.22742,0.08661,,,
ecc.tcpd.galco,Texas,94503511752,88.01325,94.50351,0.08595,,,
911.screvencountyboc.com,GA,94395163518,87.91235,94.39516,0.08585,,,
yolocountysheriff.com,CA,93944500563,87.49263,93.9445,0.08544,,,
waltonso.org,FL,93660859455,87.22847,93.66086,0.08518,,,
responder.starter,NY,93322888451,86.91371,93.32289,0.08488,,,
www.crosscountysheriff.org,AR,92933032629,86.55063,92.93303,0.08452,,,
rileycounty.kansas911.org,KS,92895833921,86.51599,92.89583,0.08449,,,
hamiltoncountyny.gov,NY,92592422189,86.23341,92.59242,0.08421,,,
police.psu.edu,PA,91856973626,85.54847,91.85697,0.08354,,,
newberrycounty.net,SC,91549579632,85.26219,91.54958,0.08326,,,
ag.me.us,ME,90979777361,84.73152,90.97978,0.08275,,,
davidsoncountync.gov,NC,90963490240,84.71635,90.96349,0.08273,,,
livoniapd.com,MI,90763318338,84.52993,90.76332,0.08255,,,
moorheadpolice.com,Minnesota,90462504744,84.24977,90.4625,0.08228,,,
pd.twp.berkeley.oceancoso.nj.us,NJ,90446428627,84.2348,90.44643,0.08226,,,
chippewacoso.mn.us,MN,89895949155,83.72213,89.89595,0.08176,,,
stanleywisconsin.us,WI,88449678446,82.37518,88.44968,0.08044,,,
masontownpd.org,PA,87219164328,81.22918,87.21916,0.07933,,,
p14.oceancoso.nj.us,NJ,87074024502,81.094,87.07402,0.07919,,,
firerescue.comms.lcso.lake.fl.us,FL,85964379544,80.06057,85.96438,0.07818,,,
darenc.com,NC,85539142803,79.66453,85.53914,0.0778,,,
bloomerpd.wi.us,WI,85228194849,79.37494,85.22819,0.07751,,,
streatorpolice.org,IL,84974805332,79.13895,84.97481,0.07728,,,
treasure.mt.gov,MT,84957752917,79.12307,84.95775,0.07727,,,
ci.medina.mn.us,MN,84954616664,79.12015,84.95462,0.07727,,,
springville.org,UT,84571596061,78.76344,84.5716,0.07692,,,
stfdpd.911.org,TX,84509546271,78.70565,84.50955,0.07686,,,
msi.rjs.fe.e2e.pro,Utah,84456164197,78.65593,84.45616,0.07681,,,
sheriff.co.stearns.mn.us,MN,84138243331,78.35985,84.13824,0.07652,,,
e911comms.hiltonheadisland.sc.us,SC,84109657187,78.33322,84.10966,0.0765,,,
pd.grandforks.nd.us,ND,83900710405,78.13863,83.90071,0.07631,,,
sgpd.bexarmetro911,TX,83555382306,77.81701,83.55538,0.07599,,,
oaklandcc.edu,MI,83270445390,77.55165,83.27045,0.07573,,,
co.snohomish.wa.us,WA,83224665780,77.50901,83.22467,0.07569,,,
fortscott.kansas911.org,KS,82565160588,76.8948,82.56516,0.07509,,,
ajo.sheriff.pima.gov,AZ,82489785793,76.8246,82.48979,0.07502,,,
co.dekalb.in.us,IN,82128340503,76.48798,82.12834,0.0747,,,
tombal.911.org,TX,81713912804,76.10201,81.71391,0.07432,,,
police.unt.edu,TX,81035713659,75.47039,81.03571,0.0737,,,
plano.gov,,80342161884,74.82447,80.34216,0.07307,,,
comms.so.co.salem.nj.us,NJ,79100668250,73.66824,79.10067,0.07194,,,
browncounty.kansas911.org,KS,77707281905,72.37055,77.70728,0.07067,,,
comms.wicomico.co.md.us,MD,77419988432,72.10298,77.41999,0.07041,,,
grandcanyon.nps.gov,AZ,76927438502,71.64426,76.92744,0.06997,,,
morrisplainspd.nj.us,NJ,76763841402,71.4919,76.76384,0.06982,,,
police.kaysvillecity.com,UT,76148214766,70.91855,76.14821,0.06926,,,
oswegopd.il.us,IL,75498210549,70.31319,75.49821,0.06867,,,
chulavistapd.org,CA,75055670095,69.90104,75.05567,0.06826,,,
pricedps.gov,UT,75019399986,69.86726,75.0194,0.06823,,,
myrtlepointpolice.com,OR,74884308794,69.74145,74.88431,0.06811,,,
marshall-wi.com,WI,74847828035,69.70747,74.84783,0.06807,,,
bernardstspd.nj.us,NJ,74132715404,69.04147,74.13272,0.06742,,,
peapackgladstone.org,NJ,73999437411,68.91735,73.99944,0.0673,,,
tecc.911.org,TX,73750336459,68.68535,73.75034,0.06708,,,
flatrockpd.mi.us,MI,73687904386,68.62721,73.6879,0.06702,,,
madisoncounty.ny.gov,NY,72835015020,67.83289,72.83502,0.06624,,,
allegancounty.org,MI,72796725765,67.79723,72.79673,0.06621,,,
sheriff.mahoning.oh.us,OH,72422114449,67.44835,72.42211,0.06587,,,
universitycircle.org,OH,72233402531,67.2726,72.2334,0.0657,,,
uppersanduskypolice.org,OH,72204457387,67.24564,72.20446,0.06567,,,
fd.co.aa.md.us,MD,72088491713,67.13764,72.08849,0.06556,,,
burlingtonpd.co.us,CO,71408652923,66.50449,71.40865,0.06495,,,
pd.westville.il.us,IL,70998126501,66.12216,70.99813,0.06457,,,
eastgreenwichts.nj.us,NJ,70553476522,65.70805,70.55348,0.06417,,,
co.greenlee.az.us,AZ,70352098887,65.5205,70.3521,0.06398,,,
pendoreillecosh.wa.us,WA,69819109917,65.02411,69.81911,0.0635,,,
fatetx.gov,TX,69427182736,64.6591,69.42718,0.06314,,,
chesapeakepd,OH,68977798447,64.24058,68.9778,0.06273,,,
putnamcountytnsheriff.gov,TN,68731309183,64.01102,68.73131,0.06251,,,
haskellso.org,KS,68244991942,63.5581,68.24499,0.06207,,,
ontariopolice.oh.gov,OH,67819223323,63.16157,67.81922,0.06168,,,
cityofsthelena.org,CA,67386847856,62.75889,67.38685,0.06129,,,
gcso.bexarmetro911,TX,67231945542,62.61463,67.23195,0.06115,,,
sheriff.co.robertson.tx.us,TX,66625498776,62.04983,66.6255,0.0606,,,
msi.onehandheld.test,UT,65912274638,61.38559,65.91227,0.05995,,,
pd.homerny.org,NY,65553998515,61.05192,65.554,0.05962,,,
midlandparkpd.nj.us,NJ,65008997428,60.54435,65.009,0.05913,,,
isabellacounty.org,MI,64788519425,60.33901,64.78852,0.05892,,,
gillettewy.gov,WY,64736263110,60.29034,64.73626,0.05888,,,
p07.oceancoso.nj.us,NJ,64709989923,60.26587,64.70999,0.05885,,,
belair.911.org,TX,64672107838,60.23059,64.67211,0.05882,,,
vanderburgcoso.in.us,Indiana,64293594740,59.87808,64.29359,0.05847,,,
manortwppd.pa.us,PA,64115810400,59.7125,64.11581,0.05831,,,
sheriff.co.madison.tx.us,TX,63898834361,59.51043,63.89883,0.05812,,,
belviderepd.nj.us,NJ,63730101196,59.35328,63.7301,0.05796,,,
hallcountyne.gov,NE,63399217293,59.04512,63.39922,0.05766,,,
grimescountyso.org,TX,63368742416,59.01674,63.36874,0.05763,,,
pd.crit-nsn.gov,AZ,62816976818,58.50287,62.81698,0.05713,,,
jervil.911.org,TX,62112646963,57.84691,62.11265,0.05649,,,
greenwichtownship.org,NJ,62100642608,57.83573,62.10064,0.05648,,,
so.co.nobles.mn.us,MN,61841460461,57.59435,61.84146,0.05624,,,
comms.gtpolice.com,New Jersey,61161839798,56.9614,61.16184,0.05563,,,
pd.evelethmn.com,MN,61018558825,56.82796,61.01856,0.0555,,,
shelley.bingham.id.us,ID,60503559704,56.34833,60.50356,0.05503,,,
tuckercounty911.com,West Virginia,60390761073,56.24328,60.39076,0.05493,,,
psap.srpmic-nsn.gov,,60366937177,56.22109,60.36694,0.0549,,,
sanjuanco.com,WA,59898545015,55.78487,59.89855,0.05448,,,
costamesaca.gov,CA,59768011866,55.6633,59.76801,0.05436,,,
highlandpd.il.us,IL,59691806536,55.59233,59.69181,0.05429,,,
yale.edu,CT,59545864790,55.45641,59.54586,0.05416,,,
da.loudoun.gov,VA,59449225788,55.36641,59.44923,0.05407,,,
madisonpd.nj.us,NJ,59228455479,55.1608,59.22846,0.05387,,,
wcso.washburn.wi.us,WI,59133402500,55.07227,59.1334,0.05378,,,
pd.chatham-ma.gov,MA,58798090181,54.75999,58.79809,0.05348,,,
sheriff.co.burleson.tx.us,TX,57644877500,53.68598,57.64488,0.05243,,,
fairfax-mn.gov,MN,57088941183,53.16822,57.08894,0.05192,,,
murraycountysheriff.org,MN,57087425359,53.16681,57.08743,0.05192,,,
cornell.wi.gov,WI,55501541724,51.68984,55.50154,0.05048,,,
ricecounty.kansas911.org,,55341983623,51.54124,55.34198,0.05033,,,
pd.townofbourne.com,MA,55197002314,51.40621,55.197,0.0502,,,
richmd.911.org,TX,54962119473,51.18746,54.96212,0.04999,,,
seabrk.911.org,TX,54130657301,50.4131,54.13066,0.04923,,,
pd.tccd.edu,TX,53951736923,50.24647,53.95174,0.04907,,,
pd.roanoketexas.com,TX,53557064903,49.8789,53.55706,0.04871,,,
e-com.il.us,IL,53470433108,49.79822,53.47043,0.04863,,,
msi.onehandheld.test.smoke,UT,53442730713,49.77242,53.44273,0.04861,,,
fruitportpolice.com,MI,53421441961,49.75259,53.42144,0.04859,,,
colonail.com,IL,53010571261,49.36994,53.01057,0.04821,,,
p25.oceancoso.nj.us,NJ,52925986617,49.29117,52.92599,0.04814,,,
ecomms.co.stmarys.md.us,MD,52840952740,49.21197,52.84095,0.04806,,,
pd.cityofsanmarino.org,CA,52653867452,49.03774,52.65387,0.04789,,,
huntington.in.us,IN,51973493656,48.40409,51.97349,0.04727,,,
comms.co.talbot.md.us,MD,51710830090,48.15946,51.71083,0.04703,,,
wildlife.utah.gov,UT,51415205040,47.88414,51.41521,0.04676,,,
ecomms.co.franklin.ks.us,KS,50919211924,47.42221,50.91921,0.04631,,,
msi.dev2,,50523622787,47.05379,50.52362,0.04595,,,
bagopolice.com,IL,50307887178,46.85287,50.30789,0.04575,,,
pd.murraystate.edu,KY,49918765865,46.49047,49.91877,0.0454,,,
dodgevillewi.gov,WI,49846066297,46.42277,49.84607,0.04533,,,
wyopd.org,PA,49426407692,46.03193,49.42641,0.04495,,,
wabashpd.in.us,IN,49413193900,46.01962,49.41319,0.04494,,,
sullivancitypd.tx.us,TX,49166987181,45.79033,49.16699,0.04472,,,
highlandcoso.com,OH,49022693819,45.65594,49.02269,0.04459,,,
cedarparkpd.tx.us,TX,48933225285,45.57262,48.93323,0.0445,,,
uwsuper.edu,WI,48900488079,45.54213,48.90049,0.04447,,,
kingmancounty.kansas911.org,KS,48678913719,45.33577,48.67891,0.04427,,,
nccde.org,DE,47581245037,44.31349,47.58125,0.04327,,,
e911.gulfcounty-fl.gov,FL,46351392247,43.1681,46.35139,0.04216,,,
p26.oceancoso.nj.us,NJ,46034897704,42.87334,46.0349,0.04187,,,
torranceca.gov,CA,45942880426,42.78764,45.94288,0.04178,,,
carolinemd.org,MD,45771391349,42.62793,45.77139,0.04163,,,
waynesboropd.ms.us,MS,45758032988,42.61549,45.75803,0.04162,,,
williamsportpd,PA,45443527783,42.32258,45.44353,0.04133,,,
cityofhoughton.com,MI,45312952741,42.20098,45.31295,0.04121,,,
comms.pd.pittsburg.ks.us,KS,45022747383,41.9307,45.02275,0.04095,,,
amherst.ny.us,NY,44865009182,41.7838,44.86501,0.0408,,,
nederland.tx.us,TX,44612042030,41.5482,44.61204,0.04057,,,
comms.pd.stuart.fl.us,FL,44594622701,41.53198,44.59462,0.04056,,,
carverpd.ma.us,MA,44513575093,41.4565,44.51358,0.04048,,,
forrestcoso.ms.us,MS,44481541128,41.42666,44.48154,0.04046,,,
so.calhouncounty.fl.us,FL,44224845425,41.1876,44.22485,0.04022,,,
p04.oceancoso.nj.us,NJ,44040510350,41.01592,44.04051,0.04005,,,
montana.edu,MT,44010210737,40.9877,44.01021,0.04003,,,
p27.oceancoso.nj.us,NJ,43925251149,40.90858,43.92525,0.03995,,,
lpd.comms.lcso.lake.fl.us,FL,43771050730,40.76497,43.77105,0.03981,,,
mitchellcounty.kansas911.org,KS,43140694701,40.1779,43.14069,0.03924,,,
p18.oceancoso.nj.us,NJ,42991624954,40.03907,42.99162,0.0391,,,
state.vt.us,VT,42869415080,39.92525,42.86942,0.03899,,,
sanibel.911.org,FL,42599945384,39.67429,42.59995,0.03874,,,
ocsd.oswegocounty.com,NY,42585407942,39.66075,42.58541,0.03873,,,
fpd.oswegocounty.com,NY,42576691202,39.65263,42.57669,0.03872,,,
cps.flexdems1,IL,42360432602,39.45123,42.36043,0.03853,,,
louisvilleky.gov,KY,41354054299,38.51396,41.35405,0.03761,,,
pd.midlandstech.edu,SC,41103764658,38.28086,41.10376,0.03738,,,
granitecity.illinois.gov,IL,41000806660,38.18498,41.00081,0.03729,,,
scrantonpa.gov,PA,40796674787,37.99486,40.79667,0.0371,,,
portland-michigan.org,MI,40710721215,37.91481,40.71072,0.03703,,,
so.vanzandtcounty.org,TX,40680080388,37.88628,40.68008,0.037,,,
pd.darlington.wi.us,WI,40636893786,37.84606,40.63689,0.03696,,,
msi.vsa.dm,Malopolska,40338881244,37.56851,40.33888,0.03669,,,
richfielddps.gov,UT,40316301950,37.54748,40.3163,0.03667,,,
lopd.bexarmetro911,TX,40010540982,37.26272,40.01054,0.03639,,,
millcreektwnpd.pa.us,PA,39618708438,36.8978,39.61871,0.03603,,,
midstate.doc.nj.gov,NJ,39422611430,36.71517,39.42261,0.03585,,,
ci.westport.wa.us,WA,39094920763,36.40998,39.09492,0.03556,,,
melbourneairportpd.org,FL,38810047393,36.14467,38.81005,0.0353,,,
vanburen-mi.org,MI,38720798837,36.06155,38.7208,0.03522,,,
pd.twp.brick.oceancoso.nj.us,NJ,38230919654,35.60532,38.23092,0.03477,,,
lockhartpd.tx.us,TX,38190893685,35.56804,38.19089,0.03473,,,
pd.villageofmaplebluff.com,WI,38115090540,35.49744,38.11509,0.03467,,,
uppergwynedtwppd.pa.us,PA,37892019930,35.28969,37.89202,0.03446,,,
gipolice.org,NE,37743720259,35.15158,37.74372,0.03433,,,
chippewa-twp.org,PA,37005651228,34.4642,37.00565,0.03366,,,
souhou.911.org,TX,36599927330,34.08634,36.59993,0.03329,,,
northamptonma.gov,MA,36385666608,33.88679,36.38567,0.03309,,,
nemahacounty.kansas911.org,KS,36341231386,33.84541,36.34123,0.03305,,,
911.luke.af.us,Arizona,36244699031,33.75551,36.2447,0.03296,,,
eslpd.com,IL,36168410954,33.68446,36.16841,0.03289,,,
plymouthmn.gov,MN,36094200272,33.61534,36.0942,0.03283,,,
pawpaw.net,MI,36025719184,33.55157,36.02572,0.03277,,,
cityoffortwayne.org,Indiana,35893082264,33.42804,35.89308,0.03264,,,
unionsheriff.us,FL,35851636607,33.38944,35.85164,0.03261,,,
p12.oceancoso.nj.us,NJ,35788129594,33.33029,35.78813,0.03255,,,
so.scottsbluffcountyne.gov,NE,35287465963,32.86401,35.28747,0.03209,,,
alton-tx.gov,TX,35079388685,32.67023,35.07939,0.0319,,,
comms.co.crawford.ks.us,KS,35049157348,32.64207,35.04916,0.03188,,,
cityofmountvernontexas.com,TX,34822367563,32.43086,34.82237,0.03167,,,
tstc.edu,TX,34787871480,32.39873,34.78787,0.03164,,,
lyon-county.org,NV,34720583551,32.33606,34.72058,0.03158,,,
attlab4.com,California,34651676280,32.27189,34.65168,0.03152,,,
cottagegrovemn.gov,MN,34630368339,32.25204,34.63037,0.0315,,,
boxelderdps.utah.gov,UT,34069606050,31.72979,34.06961,0.03099,,,
pd.perryvillageohio.com,OH,34003397423,31.66813,34.0034,0.03093,,,
claycounty.kansas911.org,KS,33596900044,31.28955,33.5969,0.03056,,,
pd.truro-ma.gov,MA,33350545220,31.06012,33.35055,0.03033,,,
brazoriacopct1.tx.us,TX,33034456979,30.76574,33.03446,0.03004,,,
munroefallspd.oh.us,OH,32764272552,30.51411,32.76427,0.0298,,,
pd.twp.barnegat.oceancoso.nj.us,NJ,32555484579,30.31966,32.55548,0.02961,,,
ecc.dkpd.galco,Texas,32358444486,30.13615,32.35844,0.02943,,,
springlakepolice.org,NJ,32049037591,29.84799,32.04904,0.02915,,,
shso.org,VA,31951523356,29.75717,31.95152,0.02906,,,
latah.id.us,ID,31709578338,29.53185,31.70958,0.02884,,,
taylorcoso.fl.us,FL,31429239699,29.27076,31.42924,0.02858,,,
tppd.montgomerycountymd.gov,MD,31413414309,29.25602,31.41341,0.02857,,,
ci.cannon-beach.or.us,OR,30860734560,28.7413,30.86073,0.02807,,,
milwaukieoregon.gov,OR,30465101271,28.37284,30.4651,0.02771,,,
pd.marionma.gov,MA,30393636410,28.30628,30.39364,0.02764,,,
chikaming.mi,MI,30251272821,28.17369,30.25127,0.02751,,,
acworth.org,GA,30134148064,28.06461,30.13415,0.02741,,,
boxeldercounty.org,UT,30048874890,27.9852,30.04887,0.02733,,,
londonpd.oh.us,OH,29983484435,27.9243,29.98348,0.02727,,,
galprk.911.org,TX,29795200194,27.74894,29.7952,0.0271,,,
sanjuancounty.org,Utah,29695989967,27.65655,29.69599,0.02701,,,
cp.dps.ms.gov,MS,29620530317,27.58627,29.62053,0.02694,,,
westreadingborough.org,PA,29560368813,27.53024,29.56037,0.02688,,,
911.co.kent.md.us,MD,29261663330,27.25205,29.26166,0.02661,,,
alexandriapd.in.us,IN,28720672614,26.74821,28.72067,0.02612,,,
sheltonwa.gov,,28232136947,26.29323,28.23214,0.02568,,,
ecc.lmpd.galco,Texas,28159471042,26.22555,28.15947,0.02561,,,
rtcc.fsu.edu,FL,28060136992,26.13304,28.06014,0.02552,,,
ehpd.org,PA,27864318908,25.95067,27.86432,0.02534,,,
piattcosd.il.us,IL,27680083780,25.77909,27.68008,0.02517,,,
pd.rangertx.gov,TX,27636090475,25.73811,27.63609,0.02513,,,
suffolkcountyny.police.gov,NY,27290326006,25.4161,27.29033,0.02482,,,
pd.cary.il.gov,IL,27169862598,25.30391,27.16986,0.02471,,,
msi.sedemo.demo.ccpsa,IL,27142670572,25.27858,27.14267,0.02469,,,
eastaltonvillage.org,IL,27015776768,25.1604,27.01578,0.02457,,,
doc.state.ma.us,MA,26958657040,25.10721,26.95866,0.02452,,,
hppolice.org,CA,26860445210,25.01574,26.86045,0.02443,,,
riversideca.gov,CA,26751631876,24.9144,26.75163,0.02433,,,
onslowcounty,NC,26570399212,24.74561,26.5704,0.02417,,,
quinaultpolice.org,WA,26538845438,24.71623,26.53885,0.02414,,,
nodawaycoso.mo.us,MO,26506769514,24.68635,26.50677,0.02411,,,
pd.miamioh.edu,OH,26502882909,24.68273,26.50288,0.0241,,,
lamarque.tx.lmpd.p1prod.gov,,26494450717,24.67488,26.49445,0.0241,,,
sheriff.whitleygov.com,IN,26426700834,24.61178,26.4267,0.02403,,,
psap.fmyn.org,,26210234570,24.41018,26.21023,0.02384,,,
vesta.demo.lab4,CA,26084835284,24.2934,26.08484,0.02372,,,
ucpd.bexarmetro911,TX,25992723161,24.20761,25.99272,0.02364,,,
gunnisonpd.co.us,CO,25904517827,24.12546,25.90452,0.02356,,,
urbanaillinois.us,,25843421436,24.06856,25.84342,0.0235,,,
columbiasheriff.org,FL,25764153411,23.99474,25.76415,0.02343,,,
p16.oceancoso.nj.us,NJ,25286698997,23.55007,25.2867,0.023,,,
tjc.edu,TX,24999142983,23.28227,24.99914,0.02274,,,
worcesterma.gov,MA,24904015745,23.19367,24.90402,0.02265,,,
dnr.maryland.gov,MD,24757005815,23.05676,24.75701,0.02252,,,
pd.annapolis.md.us,MD,24703813012,23.00722,24.70381,0.02247,,,
graycounty.kansas911.org,KS,24568569965,22.88126,24.56857,0.02234,,,
middleburypolice.org,VT,24421864147,22.74463,24.42186,0.02221,,,
cityofguyton.com,GA,24373779941,22.69985,24.37378,0.02217,,,
co.wright.mn.us,MN,24361766332,22.68866,24.36177,0.02216,,,
police.skokomish.org,WA,24082785471,22.42884,24.08279,0.0219,,,
frenshipisd.tx.us,TX,23923322233,22.28033,23.92332,0.02176,,,
crawford-county.org,AR,23537893503,21.92137,23.53789,0.02141,,,
westburlington.org,IA,23170220249,21.57895,23.17022,0.02107,,,
northlewisburg.com,OH,22926919718,21.35236,22.92692,0.02085,,,
sagadahoccoso.me.us,ME,22831128231,21.26315,22.83113,0.02076,,,
westun.911.org,TX,22777115233,21.21284,22.77712,0.02072,,,
lancasterma.net,MA,22756887662,21.194,22.75689,0.0207,,,
aberdeentwppd.nj.us,NJ,22739959453,21.17824,22.73996,0.02068,,,
fscity.org,KS,22664765107,21.10821,22.66477,0.02061,,,
crh.org,Indiana,22601555875,21.04934,22.60156,0.02056,,,
manorpd.tx.us,Texas,22498009341,20.9529,22.49801,0.02046,,,
jaccty.911.org,TX,22282063723,20.75179,22.28206,0.02027,,,
parks.ky.gov,KY,22174852635,20.65194,22.17485,0.02017,,,
msi.mobilevideo.training,IL,22074347232,20.55834,22.07435,0.02008,,,
midlothian.tx.us,TX,22024778943,20.51217,22.02478,0.02003,,,
pendletonpd.in.us,IN,21947266107,20.43998,21.94727,0.01996,,,
pd.cceco.msi.demo,IL,21642161350,20.15583,21.64216,0.01968,,,
sandypd.or.us,OR,21541527032,20.06211,21.54153,0.01959,,,
washoetribe.us,NV,21525106962,20.04682,21.52511,0.01958,,,
umchealthsystem.com,TX,21320050285,19.85584,21.32005,0.01939,,,
ecc.calvertcountymd.gov,MD,20921342578,19.48452,20.92134,0.01903,,,
slcgov.com,UT,20855693273,19.42338,20.85569,0.01897,,,
athenstx.gov,TX,20755721365,19.33027,20.75572,0.01888,,,
whitepigeonvillage.org,MI,20538827048,19.12827,20.53883,0.01868,,,
franklin.tx.us,TX,20454516784,19.04975,20.45452,0.0186,,,
dpso.org,LA,20403277943,19.00203,20.40328,0.01856,,,
putnampolice.com,CT,20390992196,18.99059,20.39099,0.01855,,,
prfbrazil.motorolasolutions.com,IL,20320348123,18.9248,20.32035,0.01848,,,
haywoodcoso.nc.us,NC,20274276390,18.88189,20.27428,0.01844,,,
msi.vnxt.cl.prod.demo.police,,20019713886,18.64481,20.01971,0.01821,,,
msi.p1rms.sales.a.demo,,19994727765,18.62154,19.99473,0.01819,,,
cgpd.morriscountyks.org,KS,19683412755,18.33161,19.68341,0.0179,,,
marshal.galvestontx.com,TX,19601259100,18.2551,19.60126,0.01783,,,
manchestermd.gov,MD,19467453160,18.13048,19.46745,0.01771,,,
wgrdtest.tx.us,TX,19301736963,17.97614,19.30174,0.01755,,,
townofdeerfieldnh.org,NH,19109059795,17.7967,19.10906,0.01738,,,
pd.twp.jackson.oceancoso.nj.us,NJ,19047135686,17.73903,19.04714,0.01732,,,
salemcity.org,UT,18947628883,17.64635,18.94763,0.01723,,,
spp.dep.nj.gov,NJ,18803465432,17.51209,18.80347,0.0171,,,
pd.twp.stafford.oceancoso.nj.us,NJ,18753596973,17.46565,18.7536,0.01706,,,
ag.ny.gov,NY,18736044915,17.4493,18.73604,0.01704,,,
statepatrol.dps.mo.gov,MO,18696357010,17.41234,18.69636,0.017,,,
pd.richmondindiana.gov,IN,18662103395,17.38044,18.6621,0.01697,,,
ci.lake-mills.wi.us,WI,18657604071,17.37625,18.6576,0.01697,,,
gpd.comms.lcso.lake.fl.us,FL,18643532487,17.36314,18.64353,0.01696,,,
mdfr.miamidade.gov,Florida,18632359307,17.35274,18.63236,0.01695,,,
wsp.wa.gov,WA,18450328340,17.18321,18.45033,0.01678,,,
manteonc.gov,NC,18214086249,16.96319,18.21409,0.01657,,,
saginawpolice.org,TX,18207303829,16.95687,18.2073,0.01656,,,
crystalcitymo.org,MO,18053093230,16.81325,18.05309,0.01642,,,
pd.dl.nd.us,ND,18016265304,16.77895,18.01627,0.01639,,,
so.co.clark.wi.us,WI,17861227406,16.63456,17.86123,0.01624,,,
tppfl.gov,FL,17700159200,16.48456,17.70016,0.0161,,,
centralaz.edu,AZ,17559332487,16.3534,17.55933,0.01597,,,
morristown.in.gov,IN,17508183085,16.30577,17.50818,0.01592,,,
princeton.in.gov,IN,17476466884,16.27623,17.47647,0.01589,,,
cpso.la.us,LA,17471504971,16.27161,17.4715,0.01589,,,
cityofcastlehills.com,TX,17440397146,16.24264,17.4404,0.01586,,,
monroeville.pa.us,PA,17387356342,16.19324,17.38736,0.01581,,,
walkerpd.org,LA,17384242631,16.19034,17.38424,0.01581,,,
memvil.911.org,TX,17214001752,16.03179,17.214,0.01566,,,
chpd.bexarmetro911,TX,17181791466,16.00179,17.18179,0.01563,,,
greenecounty.mo.p1cadhost.trn.gov,MO,17056393855,15.885,17.05639,0.01551,,,
conroefiremarshalsoffice.tx.us,TX,16986172482,15.81961,16.98617,0.01545,,,
p23.oceancoso.nj.us,NJ,16886844324,15.7271,16.88684,0.01536,,,
sandbox.arapahoesheriff,CO,16880842383,15.72151,16.88084,0.01535,,,
pd.williamsaz.gov,AZ,16860928703,15.70296,16.86093,0.01533,,,
basstrainingpsap5acd.bdctrn.ghc.lab,TX,16806247806,15.65204,16.80625,0.01529,,,
nevadadow.nv.us,NV,16727743094,15.57892,16.72774,0.01521,,,
charlestonwvpolice.org,WV,16597410631,15.45754,16.59741,0.0151,,,
barnstablepolice.com,MA,16528565055,15.39343,16.52857,0.01503,,,
msi.onehandheld.test.records.legacy,IL,15753859500,14.67192,15.75386,0.01433,,,
msi.dev,UT,15714309623,14.63509,15.71431,0.01429,,,
arlingtonmn.com,MN,15648952139,14.57422,15.64895,0.01423,,,
pd.gmu.edu,VA,15575842266,14.50613,15.57584,0.01417,,,
e9e64302bf87826587475d7122cf5a07 (Agency not Matched),,15545433222,14.47781,15.54543,0.01414,,,
bhpd.bexarmetro911,TX,15510402099,14.44519,15.5104,0.01411,,,
crosslake.net,MN,15469318280,14.40693,15.46932,0.01407,,,
heidelbergborough.org,PA,15408604804,14.35038,15.4086,0.01401,,,
ouachitaparishso.la.us,LA,15155635302,14.11479,15.15564,0.01378,,,
sprval.911.org,TX,15088582710,14.05234,15.08858,0.01372,,,
claycountymo.gov,MO,14928181227,13.90295,14.92818,0.01358,,,
coatesville.org,PA,14919669344,13.89502,14.91967,0.01357,,,
southernute-nsn.gov,CO,14884300999,13.86209,14.8843,0.01354,,,
co.roseau.mn.us,MN,14831619803,13.81302,14.83162,0.01349,,,
washingtonpa.gov,PA,14638891509,13.63353,14.63889,0.01331,,,
pd.norwich.ct.org,CT,14581289182,13.57988,14.58129,0.01326,,,
sodaspringsid.com,ID,14306452648,13.32392,14.30645,0.01301,,,
wcpd.bexarmetro911,TX,14294952041,13.31321,14.29495,0.013,,,
cityofmccleary.com,WA,14232674992,13.25521,14.23267,0.01294,,,
evidence.api.tests,IL,14230071268,13.25279,14.23007,0.01294,,,
sheriff.yellowstonecountymt.gov,MT,14168647239,13.19558,14.16865,0.01289,,,
florenceal.org,AL,13944466725,12.9868,13.94447,0.01268,,,
hlpd.bexarmetro911,TX,13544758440,12.61454,13.54476,0.01232,,,
sd.christiancounty.ky.us,KY,13532524743,12.60315,13.53252,0.01231,,,
perrycity.org,UT,13485835656,12.55966,13.48584,0.01227,,,
cityofalex.com,LA,13473132740,12.54783,13.47313,0.01225,,,
ashlandky.gov,KY,13368724219,12.45059,13.36872,0.01216,,,
shorewoodpd.il.us,IL,13267998805,12.35679,13.268,0.01207,,,
dunbartonnh.org,NH,13173924999,12.26917,13.17392,0.01198,,,
wcpd.org,CA,13173238468,12.26853,13.17324,0.01198,,,
lapelpd.in.us,IN,13163066088,12.25906,13.16307,0.01197,,,
westbranch.com,MI,13143797662,12.24112,13.1438,0.01195,,,
glencanyon.nps.gov,AZ,13127944549,12.22635,13.12794,0.01194,,,
pd.manawawi.gov,WI,13104431625,12.20445,13.10443,0.01192,,,
ecc.sfpd.galco,Texas,13003341074,12.11031,13.00334,0.01183,,,
cityofrockvalley.com,IA,12969885142,12.07915,12.96989,0.0118,,,
hedvil.911.org,TX,12924364055,12.03675,12.92436,0.01175,,,
mdpd.com,Florida,12910856333,12.02417,12.91086,0.01174,,,
comanchecounty.kansas911.org,KS,12612772716,11.74656,12.61277,0.01147,,,
wcso.williams.nd.us,North Dakota,12464788930,11.60874,12.46479,0.01134,,,
pv.weber911.org,UT,12454633004,11.59928,12.45463,0.01133,,,
brazoriacopct2.tx.us,TX,12362972101,11.51392,12.36297,0.01124,,,
lasalleso.com,Louisiana,12328844339,11.48213,12.32884,0.01121,,,
pd.losfresnos.tx.us,Texas,12212338631,11.37363,12.21234,0.01111,,,
highlandhts.cuyahogacounty.us,OH,12165698143,11.33019,12.1657,0.01106,,,
penobscot-county.net,ME,12090737966,11.26038,12.09074,0.011,,,
fcsotn.org,TN,12089512186,11.25924,12.08951,0.011,,,
vesta.demo.lab2,CA,11904590470,11.08701,11.90459,0.01083,,,
corneliuspd.org,NC,11826948416,11.0147,11.82695,0.01076,,,
blcso.us,ID,11817930439,11.00631,11.81793,0.01075,,,
vesta.demo.lab3,CA,11604314540,10.80736,11.60431,0.01055,,,
so.rpso.la.us,LA,11580772286,10.78543,11.58077,0.01053,,,
pd.hartselle.org,AL,11566635262,10.77227,11.56664,0.01052,,,
penningtonpd.nj.us,NJ,11505741405,10.71556,11.50574,0.01046,,,
lawpd.com,MA,11436192675,10.65078,11.43619,0.0104,,,
mercercountypa.gov,PA,11322646038,10.54504,11.32265,0.0103,,,
emery.ut.gov,UT,11256396836,10.48334,11.2564,0.01024,,,
cityofkenyon.com,MN,11237681098,10.46591,11.23768,0.01022,,,
vlfire.911.org,TX,11231647457,10.46029,11.23165,0.01022,,,
sanjuanpolice.com,TX,11129677797,10.36532,11.12968,0.01012,,,
comms.ps.jupiterisland.fl.us,FL,11048273014,10.28951,11.04827,0.01005,,,
littletonpd.org,NH,11006648131,10.25074,11.00665,0.01001,,,
mcd911.net,MI,10989414722,10.23469,10.98941,0.00999,,,
sabinapd.com,OH,10921074224,10.17104,10.92107,0.00993,,,
cityofburnsor.gov,OR,10913085297,10.1636,10.91309,0.00993,,,
atlanticbeachpd.nc.us,NC,10909297764,10.16008,10.9093,0.00992,,,
gunbarrelcity.net,TX,10891994785,10.14396,10.89199,0.00991,,,
cityofhoquiam.com,WA,10876871514,10.12988,10.87687,0.00989,,,
pd.latwp.org,PA,10872898585,10.12618,10.8729,0.00989,,,
clevelandtn.gov,Tennessee,10752798702,10.01432,10.7528,0.00978,,,
mahwahpd.org,NJ,10734576980,9.99735,10.73458,0.00976,,,
slocity.org,CA,10543438793,9.81934,10.54344,0.00959,,,
rockymountva.org,VA,10470133396,9.75107,10.47013,0.00952,,,
police.ci.lubbock.tx.us,TX,10387737435,9.67433,10.38774,0.00945,,,
ci.banning.ca.us,CA,10321969151,9.61308,10.32197,0.00939,,,
butlersheriff.org,OH,10273060370,9.56753,10.27306,0.00934,,,
ecc.kpd.galco,Texas,10154419281,9.45704,10.15442,0.00924,,,
csx.com,Florida,10136580098,9.44043,10.13658,0.00922,,,
greenfieldtownshippa.gov,PA,10135885113,9.43978,10.13589,0.00922,,,
florhamparkpd.nj.us,NJ,10105118767,9.41113,10.10512,0.00919,,,
stcc.edu,MA,10019816990,9.33168,10.01982,0.00911,,,
marionpolice.us,AR,10009192316,9.32179,10.00919,0.0091,,,
sanpetecounty.gov,UT,9934919555,9.25261,9.93492,0.00904,,,
gpshoresmi.gov,MI,9934218712,9.25196,9.93422,0.00904,,,
co.okanogan.wa,WA,9769601332,9.09865,9.7696,0.00889,,,
pd.westwindsor.nj.us,NJ,9709189806,9.04239,9.70919,0.00883,,,
cardington.org,OH,9649626455,8.98691,9.64963,0.00878,,,
em.montgomerycountyia.gov,IA,9595496405,8.9365,9.5955,0.00873,,,
so.co.woodson.ks.us,KS,9551501205,8.89553,9.5515,0.00869,,,
ciceroin.org,IN,9513634019,8.86026,9.51363,0.00865,,,
salisburypd.com,MD,9195411361,8.56389,9.19541,0.00836,,,
pd.chesterfield.in.gov,IN,9121651009,8.4952,9.12165,0.0083,,,
so.effinghamcountyil.gov,IL,9073019786,8.44991,9.07302,0.00825,,,
elmontepd.org,CA,8977855819,8.36128,8.97786,0.00817,,,
mcallenpd.net,TX,8887146774,8.2768,8.88715,0.00808,,,
msi.springfield.demo,MA,8860211120,8.25171,8.86021,0.00806,,,
so.wicomico.co.md.us,MD,8814054874,8.20873,8.81405,0.00802,,,
cranberrytownship.org,PA,8800176269,8.1958,8.80018,0.008,,,
p29.oceancoso.nj.us,NJ,8726422564,8.12711,8.72642,0.00794,,,
ahpd.bexarmetro911,Texas,8557647307,7.96993,8.55765,0.00778,,,
cityofamoryms.com,MS,8433885414,7.85467,8.43389,0.00767,,,
mountairy.org,NC,8354597443,7.78083,8.3546,0.0076,,,
kbpd.bexarmetro911,TX,8297140503,7.72731,8.29714,0.00755,,,
lonokepd.ar.us,AR,8259312341,7.69208,8.25931,0.00751,,,
burlingtoniowa.org,IA,8168927398,7.60791,8.16893,0.00743,,,
p02.oceancoso.nj.us,NJ,8161521829,7.60101,8.16152,0.00742,,,
yan-tribe.org,AZ,8039138966,7.48703,8.03914,0.00731,,,
pd.wdm.iowa.gov,IA,7972320193,7.4248,7.97232,0.00725,,,
pd.cityofsergeantbluff.com,IA,7961561050,7.41478,7.96156,0.00724,,,
dyersburgtn.gov,TN,7953535111,7.40731,7.95354,0.00723,,,
cityofavonmn.com,Minnesota,7915118743,7.37153,7.91512,0.0072,,,
sjso.org,Florida,7835500984,7.29738,7.8355,0.00713,,,
basstrainingpsap3.bdctrn.ghc.lab,TX,7757248648,7.2245,7.75725,0.00706,,,
upperallentwp.pa.us,PA,7554645934,7.03581,7.55465,0.00687,,,
msi.vnxt.cl.prod.experience.com,KS,7528226065,7.01121,7.52823,0.00685,,,
guadalupecopct3.tx.us,TX,7472021583,6.95886,7.47202,0.0068,,,
parkforestpd.il.us,,7353444973,6.84843,7.35344,0.00669,,,
pd.edenprairie.org,MN,7306829642,6.80502,7.30683,0.00665,,,
northshore.edu,MA,7300818602,6.79942,7.30082,0.00664,,,
boothbayharbor.org,ME,7279815909,6.77986,7.27982,0.00662,,,
bethel-oh.gov,OH,7243362658,6.74591,7.24336,0.00659,,,
alamotexas.org,,7232566657,6.73585,7.23257,0.00658,,,
dillonpd.mt.us,MT,7198223156,6.70387,7.19822,0.00655,,,
csi.co.ocean.nj.us,New Jersey,7183717331,6.69036,7.18372,0.00653,,,
eastchester.org,NY,7158248049,6.66664,7.15825,0.00651,,,
lakecrystalmn.org,MN,7127392430,6.6379,7.12739,0.00648,,,
sdh.state.ma.us,MA,7088785822,6.60195,7.08879,0.00645,,,
medfordpd.ma.us,MA,7053695456,6.56927,7.0537,0.00642,,,
elgin.edu,IL,7020724752,6.53856,7.02072,0.00639,,,
newwashingtonpd.oh.us,OH,6960875048,6.48282,6.96088,0.00633,,,
walkercosd.ga.us,GA,6898205756,6.42445,6.89821,0.00627,,,
bcutah.org,UT,6707216862,6.24658,6.70722,0.0061,,,
roxburyct.com,CT,6638616576,6.18269,6.63862,0.00604,,,
kendallcountysheriff.com,TX,6593284167,6.14047,6.59328,0.006,,,
statecollegepa.us,Pennsylvania,6575296263,6.12372,6.5753,0.00598,,,
1800222tips.com,ON,6522533558,6.07458,6.52253,0.00593,,,
msi.flex.pdm.b.demo,NJ,6383192869,5.94481,6.38319,0.00581,,,
chesterfield.gov,Virginia,6305742709,5.87268,6.30574,0.00574,,,
sheriff.steelecountymn.gov,MN,6245497215,5.81657,6.2455,0.00568,,,
sheriff.co.sherburne.mn.us,MN,6228069207,5.80034,6.22807,0.00566,,,
bridgewaterpd.ct.us,CT,6216852837,5.7899,6.21685,0.00565,,,
fcso.frio.tx.us,TX,6193688273,5.76832,6.19369,0.00563,,,
sheltonpolice.net,CT,6174870975,5.7508,6.17487,0.00562,,,
gonzagauniv.wa.us,WA,6170923933,5.74712,6.17092,0.00561,,,
evidence3-motorolasolutions.com,,5972913217,5.56271,5.97291,0.00543,,,
farmville.com,UT,5972444249,5.56227,5.97244,0.00543,,,
hpdps.org,Texas,5960031459,5.55071,5.96003,0.00542,,,
pd.rolandok.org,OK,5944758895,5.53649,5.94476,0.00541,,,
roseville.ca.us,,5938772296,5.53091,5.93877,0.0054,,,
libertypd.org,SC,5916631642,5.51029,5.91663,0.00538,,,
ccsq-cqltm2,IL,5877506757,5.47385,5.87751,0.00535,,,
pflugervillefire.org,TX,5847082182,5.44552,5.84708,0.00532,,,
comms.co.republic.ks.us,KS,5836716009,5.43587,5.83672,0.00531,,,
menomonie-pd.com,WI,5797931957,5.39974,5.79793,0.00527,,,
cityofderidder.org,LA,5698793318,5.30741,5.69879,0.00518,,,
hopkinsmn.com,MN,5681865619,5.29165,5.68187,0.00517,,,
rushcounty.kansas911.org,KS,5590120877,5.20621,5.59012,0.00508,,,
washingtontwnpdwarrenco.nj.us,NJ,5585945306,5.20232,5.58595,0.00508,,,
stjamesla.com,LA,5545587902,5.16473,5.54559,0.00504,,,
ci.douglasville.ga.us,GA,5530074888,5.15028,5.53007,0.00503,,,
pd.battlecreekmi.gov,Michigan,5361826483,4.99359,5.36183,0.00488,,,
mrso.morriscountyks.org,KS,5345775185,4.97864,5.34578,0.00486,,,
springdalear.gov,AR,5320574147,4.95517,5.32057,0.00484,,,
killingtontown.com,VT,5309913481,4.94524,5.30991,0.00483,,,
fultonschools.org,GA,5283320888,4.92048,5.28332,0.00481,,,
west.echccst.com,,5216069558,4.85784,5.21607,0.00474,,,
decaturil.gov,IL,5211020411,4.85314,5.21102,0.00474,,,
cherokee.ga.so.trn.gov,GA,5209499652,4.85172,5.2095,0.00474,,,
dequincy.org,LA,5193653224,4.83697,5.19365,0.00472,,,
pupd.oswegocounty.com,NY,5151577789,4.79778,5.15158,0.00469,,,
motoville.911,IL,5150494216,4.79677,5.15049,0.00468,,,
romewi.com,WI,5147839568,4.7943,5.14784,0.00468,,,
barrack-e.comms.sp.md.gov,MD,5138725629,4.78581,5.13873,0.00467,,,
clearlakeshorespd.tx.us,TX,5122339307,4.77055,5.12234,0.00466,,,
comms.sheriff.chase.ks.us,KS,5121846777,4.77009,5.12185,0.00466,,,
pd.wylie.tx.us,TX,5111401112,4.76036,5.1114,0.00465,,,
bexarmetro911,,5074118768,4.72564,5.07412,0.00461,,,
basstrainingpsap1.bdctrn.ghc.lab,TX,5013128509,4.66884,5.01313,0.00456,,,
kanawhasheriff.us,WV,5007010169,4.66314,5.00701,0.00455,,,
rockymountnc.gov,NC,5005380626,4.66162,5.00538,0.00455,,,
pataskalapd.oh.us,OH,4982499363,4.64031,4.9825,0.00453,,,
pal800.sc.gov,SC,4961281487,4.62055,4.96128,0.00451,,,
pd.twp.northville.mi.us,MI,4947850360,4.60804,4.94785,0.0045,,,
willcounty.il.p1cadhost.trn.gov,IL,4893926177,4.55782,4.89393,0.00445,,,
msi.ccr.sales.a,IL,4859315139,4.52559,4.85932,0.00442,,,
p1trn.la-marque.tx.us,TX,4826989094,4.49548,4.82699,0.00439,,,
claysheriff.com,Florida,4728616912,4.40387,4.72862,0.0043,,,
southwoods.doc.nj.gov,NJ,4713950697,4.39021,4.71395,0.00429,,,
elkgrovepd.org,California,4612502866,4.29573,4.6125,0.0042,,,
morgancountysheriffal.gov,AL,4606492136,4.29013,4.60649,0.00419,,,
dallaspolice.net,TX,4602713751,4.28661,4.60271,0.00419,,,
pencowv.com,WV,4579812462,4.26528,4.57981,0.00417,,,
tensasso.org,LA,4566139659,4.25255,4.56614,0.00415,,,
training.sstx.gov.ssso,TX,4556032048,4.24314,4.55603,0.00414,,,
iberiaso.org,LA,4506810798,4.19729,4.50681,0.0041,,,
stateprison.doc.nj.gov,NJ,4505862144,4.19641,4.50586,0.0041,,,
elmorecounty.org,ID,4402110641,4.09979,4.40211,0.004,,,
sheriff.reeves.tx.us,TX,4394803946,4.09298,4.3948,0.004,,,
loxleypd.al.us,AL,4358232349,4.05892,4.35823,0.00396,,,
charltonso.org,GA,4355779566,4.05664,4.35578,0.00396,,,
westforkpd.ar.us,AR,4335893134,4.03812,4.33589,0.00394,,,
leecountyil.com,IL,4306576740,4.01081,4.30658,0.00392,,,
ohioago.gov,OH,4289514800,3.99492,4.28951,0.0039,,,
arthur-il.gov,IL,4165217332,3.87916,4.16522,0.00379,,,
moscowpd.id.us,ID,4147848044,3.86298,4.14785,0.00377,,,
pcsheriff.org,New Jersey,4143462159,3.8589,4.14346,0.00377,,,
fortuna.ca.us,CA,4130245445,3.84659,4.13025,0.00376,,,
co.millard.ut.us,UT,4088731019,3.80793,4.08873,0.00372,,,
pd.pointpleasantborough.oceancoso.nj.us,NJ,4081719053,3.8014,4.08172,0.00371,,,
cityofevanston.org,,4029550996,3.75281,4.02955,0.00366,,,
bolivarpd.mo.us,MO,3999633869,3.72495,3.99963,0.00364,,,
cumberland.comms.sp.md.gov,MD,3935801521,3.6655,3.9358,0.00358,,,
pd.bellevuepa.org,PA,3823114275,3.56055,3.82311,0.00348,,,
townofcrosscity.com,FL,3821465232,3.55902,3.82147,0.00348,,,
lagrangetwp.in.us,Indiana,3780569655,3.52093,3.78057,0.00344,,,
cityofpensacola.com,FL,3762040988,3.50367,3.76204,0.00342,,,
buncombecounty.org,NC,3708901513,3.45418,3.7089,0.00337,,,
msi.rjs.api.monitor.pd.prod,Utah,3682280598,3.42939,3.68228,0.00335,,,
hccpct4.tx.us,TX,3670659330,3.41857,3.67066,0.00334,,,
buffalocountywi.gov,WI,3652322175,3.40149,3.65232,0.00332,,,
centerline.gov,MI,3645044174,3.39471,3.64504,0.00332,,,
hansonpolice.org,MA,3632485254,3.38302,3.63249,0.0033,,,
rideuta.com,,3617316658,3.36889,3.61732,0.00329,,,
sclec-ne.org,NE,3616870666,3.36847,3.61687,0.00329,,,
juneaupolice.com,AK,3613459532,3.3653,3.61346,0.00329,,,
humboldtcountynv.gov,NV,3601016010,3.35371,3.60102,0.00328,,,
basstrainingpsap4.bdctrn.ghc.lab,TX,3563755439,3.31901,3.56376,0.00324,,,
wcnyh.gov,NY,3526600285,3.2844,3.5266,0.00321,,,
caledonia-wi.gov,WI,3519384754,3.27768,3.51938,0.0032,,,
wolcottvillepd.in.us,Indiana,3492070283,3.25224,3.49207,0.00318,,,
blount911.com,TN,3466284626,3.22823,3.46628,0.00315,,,
cityofhometown.org,IL,3419307845,3.18448,3.41931,0.00311,,,
richcountysheriff.org,UT,3415676647,3.1811,3.41568,0.00311,,,
basstrainingpsap2.bdctrn.ghc.lab,TX,3414863039,3.18034,3.41486,0.00311,,,
cassco.org,MI,3388980260,3.15623,3.38898,0.00308,,,
yazoosheriff.com,MS,3359013981,3.12833,3.35901,0.00306,,,
dupagesheriff.org,IL,3310733228,3.08336,3.31073,0.00301,,,
ccsq-cql,IL,3290891594,3.06488,3.29089,0.00299,,,
pct3.co.collin.tx.us,,3279208009,3.054,3.27921,0.00298,,,
alpharetta.ga.us,,3194573469,2.97518,3.19457,0.00291,,,
hccpct5.tx.us,TX,3170823523,2.95306,3.17082,0.00288,,,
pd.amherst.ma.us,MA,3170723104,2.95297,3.17072,0.00288,,,
bradleybeachpd.nj.us,NJ,3167037135,2.94953,3.16704,0.00288,,,
lexingtonpd.nc.us,NC,3162374661,2.94519,3.16237,0.00288,,,
overtoncoso.tn.us,TN,3162056878,2.94489,3.16206,0.00288,,,
soside.911.org,TX,3124165563,2.90961,3.12417,0.00284,,,
msi.ccsupport.evidence,IL,3109141308,2.89561,3.10914,0.00283,,,
uppermakefield.org,PA,3075313726,2.86411,3.07531,0.0028,,,
pd.westmonroe.la.us,LA,3052145621,2.84253,3.05215,0.00278,,,
nycrpd.org,PA,3047314881,2.83803,3.04731,0.00277,,,
copley.oh.us,OH,3046981934,2.83772,3.04698,0.00277,,,
91da.eastlandcountytexas.com,TX,3015914222,2.80879,3.01591,0.00274,,,
kingstree.org,SC,3010368776,2.80362,3.01037,0.00274,,,
so.washco-md.net,Maryland,3010332075,2.80359,3.01033,0.00274,,,
pd.beachhaven.oceancoso.nj.us,NJ,2995138031,2.78944,2.99514,0.00272,,,
cityofmonett.com,MO,2985945263,2.78088,2.98595,0.00272,,,
texascity.tx.tcpd.p1prod.gov,,2981733733,2.77696,2.98173,0.00271,,,
northeast.echccst.com,,2978038571,2.77351,2.97804,0.00271,,,
cityofedwardsville.com,IL,2953936061,2.75107,2.95394,0.00269,,,
kearnycounty.kansas911.org,KS,2936995896,2.73529,2.937,0.00267,,,
guntersvilleal.gov,AL,2935708041,2.73409,2.93571,0.00267,,,
mcd911-nortonshorespd.net,MI,2913902189,2.71378,2.9139,0.00265,,,
city.roseau.mn.us,MN,2902183602,2.70287,2.90218,0.00264,,,
buckeyelakevillage.com,OH,2888102191,2.68975,2.8881,0.00263,,,
statesboroga.gov,GA,2870630438,2.67348,2.87063,0.00261,,,
msi-cpe-team,,2855205527,2.65912,2.85521,0.0026,,,
stmarysmd.com,MD,2823443550,2.62954,2.82344,0.00257,,,
bdcuvta.bdcuvt.gch.lab,TX,2811361544,2.61828,2.81136,0.00256,,,
oswegocounty.com,NY,2763507797,2.57372,2.76351,0.00251,,,
cedar-rapids.org,IA,2750096811,2.56123,2.7501,0.0025,,,
pd.eastham.ma.us,,2711862310,2.52562,2.71186,0.00247,,,
3cb3760f608b46e5291e5ffce475b13d (Agency not Matched),,2700221386,2.51478,2.70022,0.00246,,,
humbleisdpd.tx.us,,2689357213,2.50466,2.68936,0.00245,,,
aberdeenpd.nc.us,NC,2652261874,2.47011,2.65226,0.00241,,,
morgantownpd.wv.us,WV,2609561151,2.43034,2.60956,0.00237,,,
apluschtrschinc.tx.us,TX,2604574593,2.4257,2.60457,0.00237,,,
greenecounty.mo.p1cadhost.gov,MO,2595618952,2.41736,2.59562,0.00236,,,
mclep.pendleton.ca.us,CA,2594862964,2.41665,2.59486,0.00236,,,
whiteoakpolice.org,PA,2524203304,2.35085,2.5242,0.0023,,,
pleasantviewpd.ut.us,UT,2501783399,2.32997,2.50178,0.00228,,,
mccombpd.oh.us,OH,2500990269,2.32923,2.50099,0.00227,,,
essexcopo.nj.us,NJ,2495706294,2.32431,2.49571,0.00227,,,
pd.colby.ks.us,KS,2493893943,2.32262,2.49389,0.00227,,,
msi.elc-historical-migrator,FL,2460632344,2.29164,2.46063,0.00224,,,
vesta.demo.lab,CA,2460166407,2.29121,2.46017,0.00224,,,
police.crystalmn.gov,MN,2446898190,2.27885,2.4469,0.00223,,,
southlakepd.com,MN,2441060183,2.27341,2.44106,0.00222,,,
scarboroughmaine.org,ME,2432327035,2.26528,2.43233,0.00221,,,
cityoforlando.net,Florida,2428938674,2.26213,2.42894,0.00221,,,
springfieldpolice.net,MA,2413071057,2.24735,2.41307,0.00219,,,
coushatta.org,LA,2410293318,2.24476,2.41029,0.00219,,,
starcity.wv.us,WV,2400987094,2.23609,2.40099,0.00218,,,
mashpeepd.com,MA,2393706831,2.22931,2.39371,0.00218,,,
plainvillect.com,CT,2351647078,2.19014,2.35165,0.00214,,,
pd.panamacity.fl.us,FL,2320762871,2.16138,2.32076,0.00211,,,
central.echccst.com,,2288329915,2.13117,2.28833,0.00208,,,
ci.deer-park.tx.us,Texas,2288276964,2.13112,2.28828,0.00208,,,
newportricheypd.fl.us,FL,2271146203,2.11517,2.27115,0.00207,,,
ci.tulare.ca.us,CA,2263405520,2.10796,2.26341,0.00206,,,
police.ci.enumclaw.wa.us,WA,2235176072,2.08167,2.23518,0.00203,,,
qrtrn1a.bexarmetro911,TX,2185540970,2.03544,2.18554,0.00199,,,
msi.flex.pdm.a.demo,,2183716584,2.03374,2.18372,0.00199,,,
pearlandtx.gov,,2172427041,2.02323,2.17243,0.00198,,,
kirkwood.edu,IA,2144019474,1.99677,2.14402,0.00195,,,
laba.bexarmetro911,TX,2129453028,1.98321,2.12945,0.00194,,,
woodville-tx.gov,TX,2129376255,1.98314,2.12938,0.00194,,,
corr.mhanation.com,ND,2081614735,1.93865,2.08161,0.00189,,,
pd.mcsherrystown.pa.us,PA,2053036127,1.91204,2.05304,0.00187,,,
sheriff.co.menard.tx.us,TX,2050693951,1.90986,2.05069,0.00187,,,
dbpd.us,FL,2040894403,1.90073,2.04089,0.00186,,,
spo.cccad.si.msi.mcso,KS,2025658343,1.88654,2.02566,0.00184,,,
da.msi.demo,IL,1985924023,1.84954,1.98592,0.00181,,,
qub20.vestalabs,,1983105897,1.84691,1.98311,0.0018,,,
jacksonvillenc.gov,NC,1973387008,1.83786,1.97339,0.00179,,,
leaguecity.tx.p1cadhost.trngov,,1957792583,1.82334,1.95779,0.00178,,,
msi.location-services,,1916256879,1.78465,1.91626,0.00174,,,
pd.lafayette.la.edu,LA,1883130622,1.7538,1.88313,0.00171,,,
staging.dnr.ohio.gov,,1877299221,1.74837,1.8773,0.00171,,,
glenwoodpolice.org,IA,1870512289,1.74205,1.87051,0.0017,,,
pd.norwich.vt.us,VT,1855901963,1.72844,1.8559,0.00169,,,
westonpd.wv.us,WV,1810660247,1.68631,1.81066,0.00165,,,
dpss.umich.edu,MI,1804164043,1.68026,1.80416,0.00164,,,
hesstonks.org,KS,1801731964,1.67799,1.80173,0.00164,,,
p13.oceancoso.nj.us,NJ,1778921078,1.65675,1.77892,0.00162,,,
scpo.sussex.nj.us,NJ,1764276696,1.64311,1.76428,0.0016,,,
danvilleky.gov,KY,1748049271,1.628,1.74805,0.00159,,,
louva-va-p1cadhost-stg,VA,1735384822,1.6162,1.73538,0.00158,,,
casperwy.gov,WY,1734930900,1.61578,1.73493,0.00158,,,
smh.com,FL,1720556631,1.60239,1.72056,0.00156,,,
tjjd.texas.gov,TX,1713275111,1.59561,1.71328,0.00156,,,
cistandalone,,1703945688,1.58692,1.70395,0.00155,,,
training.denco.org,TX,1683845088,1.5682,1.68385,0.00153,,,
shelbyso.com,,1662293212,1.54813,1.66229,0.00151,,,
squaxin.us,,1654013181,1.54042,1.65401,0.0015,,,
pd.foley.mn.us,,1597417680,1.48771,1.59742,0.00145,,,
uakron.edu,OH,1582549009,1.47386,1.58255,0.00144,,,
sikeston.org,MO,1557180351,1.45024,1.55718,0.00142,,,
police.miamigov.com,FL,1528155368,1.42321,1.52816,0.00139,,,
cdaid.org,ID,1480322254,1.37866,1.48032,0.00135,,,
msi.onehandheld.test.starter,NY,1462373618,1.36194,1.46237,0.00133,,,
so.co.boone.ky.us,KY,1455496859,1.35554,1.4555,0.00132,,,
ci.the-dalles.or.us,OR,1453634305,1.3538,1.45363,0.00132,,,
ghc.ech.lab,TX,1452271988,1.35253,1.45227,0.00132,,,
vermont.gov,,1451053030,1.3514,1.45105,0.00132,,,
msi.vnxt.cl.prod.demo.fire,,1447938719,1.3485,1.44794,0.00132,,,
lvmpd.com.training,NV,1440637182,1.3417,1.44064,0.00131,,,
crimestoppersofmobile.org,AL,1399197637,1.3031,1.3992,0.00127,,,
saginawtownship.net,MI,1385890572,1.29071,1.38589,0.00126,,,
dpsnc.net,NC,1381125428,1.28627,1.38113,0.00126,,,
valdostacity.com,GA,1375954446,1.28146,1.37595,0.00125,,,
coldwaterks.org,KS,1371484335,1.27729,1.37148,0.00125,,,
oakham-ma.gov,MA,1356566777,1.2634,1.35657,0.00123,,,
msi.sedemo.cadweb.sf.pd,IL,1319781564,1.22914,1.31978,0.0012,,,
holdernesspd.nh.us,NH,1319471116,1.22885,1.31947,0.0012,,,
msi.onehandheld.test.tags,UT,1274849568,1.1873,1.27485,0.00116,,,
p21.oceancoso.nj.us,NJ,1237034511,1.15208,1.23703,0.00113,,,
castrovilletx.gov,TX,1221404822,1.13752,1.2214,0.00111,,,
westminsterpd.ma.us,MA,1220323480,1.13651,1.22032,0.00111,,,
catapd.org,PA,1213793992,1.13043,1.21379,0.0011,,,
btrn2.bexarmetro911,TX,1213490620,1.13015,1.21349,0.0011,,,
pd.whitesboro.tx.us,TX,1211345938,1.12815,1.21135,0.0011,,,
leesburgva-cc.gov,Virginia,1207267994,1.12436,1.20727,0.0011,,,
cc911.dev.sandbox,,1200489776,1.11804,1.20049,0.00109,,,
ccste.demo.pd,NV,1196702506,1.11452,1.1967,0.00109,,,
cityoflakewood.us,WA,1193817354,1.11183,1.19382,0.00109,,,
co.barron.wi.us,WI,1176956799,1.09613,1.17696,0.00107,,,
glendalepd.az.p1cadhost.trn.gov,AZ,1129743069,1.05216,1.12974,0.00103,,,
le.fdlband.org,MN,1127778176,1.05033,1.12778,0.00103,,,
crimestoppersofwillcounty.org,IL,1115124106,1.03854,1.11512,0.00101,,,
ccsheriffs.org,TN,1110147481,1.03391,1.11015,0.00101,,,
parsonspd.com,KS,1097689507,1.0223,1.09769,0.001,,,
wccrimestoppers.com,IA,1082904516,1.00853,1.0829,0.00098,,,
frederickcosheriff.com,MD,1071587118,0.99799,1.07159,0.00097,,,
lapd.online,CA,1061590104,0.98868,1.06159,0.00097,,,
so.co.muskegon.mi.us,MI,1059275771,0.98653,1.05928,0.00096,,,
richland.edu,IL,1055051107,0.98259,1.05505,0.00096,,,
evidence2-motorolasolutions.com,UT,1045138655,0.97336,1.04514,0.00095,,,
demo.buckeyeaz.gov,AZ,1018100448,0.94818,1.0181,0.00093,,,
pd.northmankato.com,MN,1013619542,0.94401,1.01362,0.00092,,,
njsp.org,NJ,1009129893,0.93983,1.00913,0.00092,,,
atty.co.wasatch.utah.gov,UT,971786879,0.90505,0.97179,0.00088,,,
ogunquit.gov,ME,970297950,0.90366,0.9703,0.00088,,,
p31.oceancoso.nj.us,NJ,965878202,0.89954,0.96588,0.00088,,,
cityofelwood.com,IN,957268870,0.89153,0.95727,0.00087,,,
roanoke.va.p1cadhost.trn.gov,VA,951238074,0.88591,0.95124,0.00087,,,
ci.burlington.nc.us,NC,926298907,0.86268,0.9263,0.00084,,,
cps.solutionspecialists.demo,IL,912127626,0.84949,0.91213,0.00083,,,
kalamazoopublicsafety.org,MI,894792210,0.83334,0.89479,0.00081,,,
pd.navasota.tx.us,TX,894311150,0.83289,0.89431,0.00081,,,
hillside-il.org,IL,891181798,0.82998,0.89118,0.00081,,,
bcsd.us,NJ,887038327,0.82612,0.88704,0.00081,,,
roanoke.va.p1cadhost.gov,VA,881608102,0.82106,0.88161,0.0008,,,
staffordcrimesolvers.com,VA,860254450,0.80117,0.86025,0.00078,,,
losaltosca.gov,California,855213339,0.79648,0.85521,0.00078,,,
townoflizton.com,IN,848629619,0.79035,0.84863,0.00077,,,
waukeganil.gov,,839259407,0.78162,0.83926,0.00076,,,
pd.fruitland.md.us,MD,835001424,0.77766,0.835,0.00076,,,
co.trumbull.oh.us,OH,827753159,0.77091,0.82775,0.00075,,,
ghc-basslabtango3.911.org,TX,814587311,0.75864,0.81459,0.00074,,,
dfaabc.arkansas.gov,AR,813577515,0.7577,0.81358,0.00074,,,
c390tularfd.cal911.net,CA,808161185,0.75266,0.80816,0.00074,,,
msm-test,,807314821,0.75187,0.80731,0.00073,,,
newhavenct.gov,CT,796531665,0.74183,0.79653,0.00072,,,
lab.psap.b.denco.org,TX,777432659,0.72404,0.77743,0.00071,,,
youngsvilleboro.org,PA,770058695,0.71717,0.77006,0.0007,,,
utsa.bexarmetro911,TX,768481046,0.7157,0.76848,0.0007,,,
msi.vnxt.cl.prod.demo1.com,Illinois,757441083,0.70542,0.75744,0.00069,,,
trentonpolice.net,NJ,750045635,0.69853,0.75005,0.00068,,,
ormondbeach.org,FL,748230094,0.69684,0.74823,0.00068,,,
willcounty.il.p1cadhost.gov,IL,734372143,0.68394,0.73437,0.00067,,,
sfasu.edu,TX,716525588,0.66732,0.71653,0.00065,,,
so.mclennan.co.tx.us,TX,713662793,0.66465,0.71366,0.00065,,,
cityofwoodland.org,CA,712880119,0.66392,0.71288,0.00065,,,
virginia.edu,VA,710957234,0.66213,0.71096,0.00065,,,
uncc.edu,NC,703880349,0.65554,0.70388,0.00064,,,
massportauth.ma.us,MA,699217087,0.6512,0.69922,0.00064,,,
cityoflacrosse.org,WI,698056807,0.65012,0.69806,0.00063,,,
alvin.tx.alpd.p1prod.gov,TX,696240624,0.64842,0.69624,0.00063,,,
roanokeva.gov,VA,686799908,0.63963,0.6868,0.00062,,,
warehampolice.com,,684507632,0.6375,0.68451,0.00062,,,
msi.sedemo.cadweb.apxcad,IL,683540235,0.6366,0.68354,0.00062,,,
greenevillepd.org,Tennessee,683149947,0.63623,0.68315,0.00062,,,
emporiaks.gov,KS,682170555,0.63532,0.68217,0.00062,,,
msi.vault.migration,Greater Poland Voivodeship,677914914,0.63136,0.67791,0.00062,,,
co.carlton.mn.us,MN,677044706,0.63055,0.67704,0.00062,,,
clintonma.gov,MA,673803297,0.62753,0.6738,0.00061,,,
pd.williamsburg.ky.us,,673506226,0.62725,0.67351,0.00061,,,
christiancountycrimestoppers.org,IL,671458376,0.62534,0.67146,0.00061,,,
pearlandac.tx.us,TX,671288240,0.62519,0.67129,0.00061,,,
msi.ccrms.assist.test.prod,NV,670627346,0.62457,0.67063,0.00061,,,
spo.cccad.si.msi.cgpd,KS,665179801,0.6195,0.66518,0.0006,,,
pinellas-park.com,FL,663979609,0.61838,0.66398,0.0006,,,
co.washington.or.us,OR,659070097,0.61381,0.65907,0.0006,,,
evidence5-motorolasolutions,UT,658232107,0.61303,0.65823,0.0006,,,
ncso.co.neshoba.ms.us,Mississippi,648638243,0.60409,0.64864,0.00059,,,
msi.onehandheld.test.formnomediatagging,NY,643453660,0.59926,0.64345,0.00059,,,
littlerock.gov,AR,640405091,0.59642,0.64041,0.00058,,,
dps.twu.edu,TX,622061000,0.57934,0.62206,0.00057,,,
hampdenmaine.gov,ME,621173362,0.57851,0.62117,0.00056,,,
beevilleisd.net,TX,620886743,0.57825,0.62089,0.00056,,,
matthewsnc.gov,NC,620735044,0.5781,0.62074,0.00056,,,
henrycosd.il.us,IL,614794915,0.57257,0.61479,0.00056,,,
cityofmoore.com,OK,611039257,0.56907,0.61104,0.00056,,,
roc1.bexarmetro911,TX,599040420,0.5579,0.59904,0.00054,,,
sheriff.org,FL,594962154,0.5541,0.59496,0.00054,,,
pd.guntertx.gov,TX,593534236,0.55277,0.59353,0.00054,,,
nberksregpd.pa.us,PA,590448097,0.5499,0.59045,0.00054,,,
columbusairports.com,OH,580288314,0.54044,0.58029,0.00053,,,
pd.cityofshawano.com,WI,573463915,0.53408,0.57346,0.00052,,,
nilesmi.org,MI,565797995,0.52694,0.5658,0.00051,,,
roc2.bexarmetro911,TX,564098014,0.52536,0.5641,0.00051,,,
morganscottcrimestoppers.webs.com,IL,563504619,0.5248,0.5635,0.00051,,,
poconopd.org,PA,559307448,0.5209,0.55931,0.00051,,,
ncshp.nc.p1cadhost.gov,NC,557109903,0.51885,0.55711,0.00051,,,
2023.2.mdpd.beta,Florida,554211868,0.51615,0.55421,0.0005,,,
pd.saintanthony.mn.us,MN,553046504,0.51506,0.55305,0.0005,,,
evidence4-motorolasolutions.com,,548272851,0.51062,0.54827,0.0005,,,
pros.srpmic-nsn.gov,AZ,534170513,0.49749,0.53417,0.00049,,,
bcsd.berkeley.wv.us,WV,521546911,0.48573,0.52155,0.00047,,,
pd.benningtonvt.org,VT,514012134,0.47871,0.51401,0.00047,,,
chagrinvalley.oh.p1cadhost.gov,OH,503490384,0.46891,0.50349,0.00046,,,
rcips.ky,CAY,503262063,0.4687,0.50326,0.00046,,,
brocktonpolice.com,MA,494351061,0.4604,0.49435,0.00045,,,
nutleypd.com,NJ,486860902,0.45342,0.48686,0.00044,,,
prod-evidence-aware-eng,,482836122,0.44968,0.48284,0.00044,,,
buffalocounty.ne.gov,Nebraska,482155486,0.44904,0.48216,0.00044,,,
hillsboroughpd.nj.us,NJ,477213226,0.44444,0.47721,0.00043,,,
eths.k12.il.us,IL,467745622,0.43562,0.46775,0.00043,,,
uspsoig.gov,VA,462842685,0.43106,0.46284,0.00042,,,
pd.hollister.ca.gov,CA,459246039,0.42771,0.45925,0.00042,,,
co.clay.ia.us,IA,457052231,0.42566,0.45705,0.00042,,,
msi.p1rms.pdm.a.demo,UT,455835471,0.42453,0.45584,0.00041,,,
police.msu.edu,MI,447596740,0.41686,0.4476,0.00041,,,
bordentowntownshippd.org,NJ,444885734,0.41433,0.44489,0.0004,,,
msi.ccr.pdm.a,IL,442954947,0.41253,0.44295,0.0004,,,
ocpo.oceancoso.nj.us,NJ,442946125,0.41253,0.44295,0.0004,,,
muni.org,AK,437227178,0.4072,0.43723,0.0004,,,
msi.sedemo.cadweb.apxcad.fd,IL,418018834,0.38931,0.41802,0.00038,,,
motorola-solutions,,417377819,0.38871,0.41738,0.00038,,,
glencarbonil.gov,IL,415251408,0.38673,0.41525,0.00038,,,
labb.bexarmetro911,TX,409798838,0.38165,0.4098,0.00037,,,
p1trn.pd.norwich.ct.org,CT,408827267,0.38075,0.40883,0.00037,,,
plattevillepd.co.us,CO,406895049,0.37895,0.4069,0.00037,,,
lynnhavenpd.us,FL,403820748,0.37609,0.40382,0.00037,,,
co.ulster.ny.us,NY,401135966,0.37359,0.40114,0.00036,,,
smith-county.com,TX,400940008,0.3734,0.40094,0.00036,,,
townofboone.net,NC,400067638,0.37259,0.40007,0.00036,,,
mso.umt.edu,MT,393696557,0.36666,0.3937,0.00036,,,
southeast.echccst.com,,380799539,0.35465,0.3808,0.00035,,,
algercosd.mi.us,MI,380357095,0.35424,0.38036,0.00035,,,
msi.assist,KS,379138316,0.3531,0.37914,0.00034,,,
wfpso.org,LA,372682646,0.34709,0.37268,0.00034,,,
les.wvdnr.gov,WV,372504355,0.34692,0.3725,0.00034,,,
pd.wheeling.il.us,IL,372430798,0.34685,0.37243,0.00034,,,
culvercitypd.org,CA,366334354,0.34118,0.36633,0.00033,,,
hamiltoncounty.org,IA,361942022,0.33708,0.36194,0.00033,,,
memphistn.gov,Tennessee,359853194,0.33514,0.35985,0.00033,,,
tiftsheriff.org,GA,359694141,0.33499,0.35969,0.00033,,,
forestparkpd.com,GA,355582659,0.33116,0.35558,0.00032,,,
horry.sc.p1cadhost.gov,SC,354511206,0.33016,0.35451,0.00032,,,
cityofmeadville.org,PA,352271343,0.32808,0.35227,0.00032,,,
mtnbrook.org,AL,350043639,0.326,0.35004,0.00032,,,
occda.org,MI,348252951,0.32434,0.34825,0.00032,,,
starksheriff.org,Ohio,347230045,0.32338,0.34723,0.00032,,,
pd.uconn.edu,CT,345987763,0.32223,0.34599,0.00031,,,
fe.temecula.lab,CA,344230413,0.32059,0.34423,0.00031,,,
djj.ky.gov,KY,343216480,0.31965,0.34322,0.00031,,,
lab.psap.a.denco.org,TX,342218568,0.31872,0.34222,0.00031,,,
pd.hanover.pa.us,PA,339380092,0.31607,0.33938,0.00031,,,
chagrinvalley.oh.p1cadhost.trn.gov,OH,337859827,0.31466,0.33786,0.00031,,,
paris.mountain.911,,331301709,0.30855,0.3313,0.0003,,,
roc5.bexarmetro911,TX,329292742,0.30668,0.32929,0.0003,,,
beta.cadhost.loudoun.gov,VA,328989706,0.3064,0.32899,0.0003,,,
so.marion.fl.us,FL,328546141,0.30598,0.32855,0.0003,,,
chagrinvalley.oh.p1cadhost.stg.gov,OH,328383029,0.30583,0.32838,0.0003,,,
leenhpolice.org,NH,323596400,0.30137,0.3236,0.00029,,,
pd.bhc.edu,IL,315637732,0.29396,0.31564,0.00029,,,
sweetwater911.org,WY,315170278,0.29353,0.31517,0.00029,,,
f9c1d90dbf2a7d69bd615d54a4ee4863 (Agency not Matched),,314761866,0.29314,0.31476,0.00029,,,
bluespringsgov.com,MO,312811828,0.29133,0.31281,0.00028,,,
fleetwoodpd.pa.us,PA,310868240,0.28952,0.31087,0.00028,,,
msi.svxdemsplus.demo,IL,309743505,0.28847,0.30974,0.00028,,,
harrisonburgva.gov,VA,309672151,0.2884,0.30967,0.00028,,,
bdcuvtb.bdcuvt.gch.lab,TX,308783963,0.28758,0.30878,0.00028,,,
chambleega.gov,Georgia,308446362,0.28726,0.30845,0.00028,,,
morganspointresortpd.tx.us,,294649334,0.27441,0.29465,0.00027,,,
horry.sc.p1cadhost.trn.gov,SC,293352370,0.27321,0.29335,0.00027,,,
plgrove.org,UT,287564118,0.26781,0.28756,0.00026,,,
city.pottsville.pa.us,PA,286049069,0.2664,0.28605,0.00026,,,
ghc-basslabtango1.911.org,TX,278227089,0.25912,0.27823,0.00025,,,
lindenwoldpd.com,NJ,276612782,0.25762,0.27661,0.00025,,,
msi.sedemo.cadweb.monroe.pd,IL,273762115,0.25496,0.27376,0.00025,,,
battlecreekpd.ne.us,NE,271602446,0.25295,0.2716,0.00025,,,
police.bedfordma.gov,MA,271241738,0.25261,0.27124,0.00025,,,
lincoln.crimestoppersweb.com,NC,270003644,0.25146,0.27,0.00025,,,
somersetpd.com,KY,268330693,0.2499,0.26833,0.00024,,,
da.bristol.ma.us,MA,263154687,0.24508,0.26315,0.00024,,,
stlandryparishsd.la.us,LA,251495744,0.23422,0.2515,0.00023,,,
lpso.net,LA,249042067,0.23194,0.24904,0.00023,,,
ghc-basslabtango4.911.org,TX,247170136,0.2302,0.24717,0.00022,,,
moto.p1.cfs.bernco.gov,NM,245304316,0.22846,0.2453,0.00022,,,
radius.test.production,,244585395,0.22779,0.24459,0.00022,,,
montesano.us,WA,242840217,0.22616,0.24284,0.00022,,,
msi.training,,238850494,0.22245,0.23885,0.00022,,,
l309rbpd.cal911.net,CA,235925674,0.21972,0.23593,0.00021,,,
bayonnepd.org,NJ,234516707,0.21841,0.23452,0.00021,,,
veronapolice.org,NJ,232515138,0.21655,0.23252,0.00021,,,
roc4.bexarmetro911,TX,230363002,0.21454,0.23036,0.00021,,,
greenvillems.org,Mississippi,228902432,0.21318,0.2289,0.00021,,,
dothan.org,AL,228251016,0.21258,0.22825,0.00021,,,
msi.cadcloud.flex.prod01,TX,222153514,0.2069,0.22215,0.0002,,,
cityofdwg.net,TX,219659534,0.20457,0.21966,0.0002,,,
sewickleyheightsboro.com,PA,218177424,0.20319,0.21818,0.0002,,,
washjeff.edu,PA,217754344,0.2028,0.21775,0.0002,,,
mchd-tx.org,TX,215812743,0.20099,0.21581,0.0002,,,
msi.dems.ts25.demo,IL,211380938,0.19686,0.21138,0.00019,,,
scsk12.org,TN,210245097,0.19581,0.21025,0.00019,,,
co.tulare.ca.us,CA,207628328,0.19337,0.20763,0.00019,,,
gcecd,,206363001,0.19219,0.20636,0.00019,,,
qrlab.bexarmetro911,,205645350,0.19152,0.20565,0.00019,,,
littlestownboro.org,PA,205326447,0.19123,0.20533,0.00019,,,
qrtrn1b.bexarmetro911,TX,203443403,0.18947,0.20344,0.00019,,,
maustonpd.wi.us,WI,203126234,0.18918,0.20313,0.00018,,,
flagstaff.az.gov,AZ,200652841,0.18687,0.20065,0.00018,,,
ecosys2.il.p1.pd.msi,NV,199327186,0.18564,0.19933,0.00018,,,
thomasville.org,GA,197345294,0.18379,0.19735,0.00018,,,
dps.texas.gov,Texas,186996608,0.17415,0.187,0.00017,,,
hampton-pa.org,PA,179485473,0.16716,0.17949,0.00016,,,
msi.records.starter,IL,179308479,0.16699,0.17931,0.00016,,,
dothanpd.org,AL,176745030,0.16461,0.17675,0.00016,,,
msi.lvmpd,NV,175221827,0.16319,0.17522,0.00016,,,
coshoctoncounty.net,OH,174116190,0.16216,0.17412,0.00016,,,
wenatcheewademo.gov,WA,172969897,0.16109,0.17297,0.00016,,,
tn24.hardu.cert.demo,Illinois,170745157,0.15902,0.17075,0.00016,,,
ci.oakridge.or.us,OR,169208095,0.15759,0.16921,0.00015,,,
cantonpolice.com,MA,162024762,0.1509,0.16202,0.00015,,,
dems.so.fauquiercounty.gov,VA,161923949,0.1508,0.16192,0.00015,,,
worcester.edu,,161405325,0.15032,0.16141,0.00015,,,
so.dixoncounty.ne.us,NE,159920613,0.14894,0.15992,0.00015,,,
wilmingtonnc.gov,NC,155854008,0.14515,0.15585,0.00014,,,
msi.sedemo.cadweb.apxcad.cc,IL,153382548,0.14285,0.15338,0.00014,,,
responder.p1demo,CA,152153975,0.1417,0.15215,0.00014,,,
doc.srpmic-nsn.gov,AZ,151144750,0.14076,0.15114,0.00014,,,
northumberlandsheriff.net,VA,149792411,0.13951,0.14979,0.00014,,,
lausd.ca.p1cadhost.trn.gov,CA,148314602,0.13813,0.14831,0.00013,,,
lakewoodpolicenj.com,New Jersey,144922010,0.13497,0.14492,0.00013,,,
qrtraining.bexarmetro911,,144817832,0.13487,0.14482,0.00013,,,
covingtonpolice.com,Georgia,144808526,0.13486,0.14481,0.00013,,,
surfcitypolice.com,NC,144599968,0.13467,0.1446,0.00013,,,
brazoriacopct3.tx.us,TX,144326075,0.13441,0.14433,0.00013,,,
vmel.transcription,IL,143910591,0.13403,0.14391,0.00013,,,
isletapueblo.com,NM,143081623,0.13326,0.14308,0.00013,,,
ciersecurity.md.us,MD,137670018,0.12822,0.13767,0.00013,,,
flex.pdm.prod,UT,134310828,0.12509,0.13431,0.00012,,,
pd.morriscountyks.org,KS,130867722,0.12188,0.13087,0.00012,,,
northsyracusepoliceny.com,New York,128982583,0.12012,0.12898,0.00012,,,
cps.test.thompson,Ohio,124537083,0.11598,0.12454,0.00011,,,
cabarruscounty.us,North Carolina,124004109,0.11549,0.124,0.00011,,,
msi.trustarc.ccadmin,UT,121467983,0.11313,0.12147,0.00011,,,
echdemo9.motoville.911,,120562254,0.11228,0.12056,0.00011,,,
frankfortcrimestoppers.com,KY,119849524,0.11162,0.11985,0.00011,,,
wilsoncountytx.gov,TX,119586587,0.11137,0.11959,0.00011,,,
fordcounty.net,Kansas,119353255,0.11116,0.11935,0.00011,,,
pomeroypd.oh.us,OH,117889100,0.10979,0.11789,0.00011,,,
geappliances.com,Kentucky,117307811,0.10925,0.11731,0.00011,,,
msi.flex.pdm.c.demo,UT,117228561,0.10918,0.11723,0.00011,,,
pd.bolingbrook.com,IL,116042577,0.10807,0.11604,0.00011,,,
portoflosangeles.org,,115754569,0.1078,0.11575,0.00011,,,
warrencountysheriff.org,VA,115465990,0.10754,0.11547,0.00011,,,
cumberland.in.gov,IN,115178231,0.10727,0.11518,0.0001,,,
nccourts.org,NC,114709295,0.10683,0.11471,0.0001,,,
stanfordky.gov,KY,112182394,0.10448,0.11218,0.0001,,,
stanlycountync.gov,NC,107332340,0.09996,0.10733,0.0001,,,
cityofstanfield.com,OR,106944736,0.0996,0.10694,0.0001,,,
police.rochesternh.gov,NH,106040527,0.09876,0.10604,0.0001,,,
roc3.bexarmetro911,TX,105750387,0.09849,0.10575,0.0001,,,
ghc-basslabtango2.911.org,TX,104830986,0.09763,0.10483,0.0001,,,
crispcounty.com,Georgia,103189692,0.0961,0.10319,9.00E-05,,,
kingston-ny.gov,NY,101924866,0.09492,0.10192,9.00E-05,,,
cspd.oswegocounty.com,NY,101438026,0.09447,0.10144,9.00E-05,,,
msi.flex.deployments.test.a,,99987738,0.09312,0.09999,9.00E-05,,,
hopkinsvilleky.us,Kentucky,99072982,0.09227,0.09907,9.00E-05,,,
belmarpd.nj.us,NJ,98794263,0.09201,0.09879,9.00E-05,,,
0c9e7e41e42461eb18d504acbce902a6 (Agency not Matched),,98546641,0.09178,0.09855,9.00E-05,,,
4aad4132b25cf4d05178086d40a1febb (Agency not Matched),,98078904,0.09134,0.09808,9.00E-05,,,
butlerpd.ga.us,GA,96795676,0.09015,0.0968,9.00E-05,,,
thecapitalrealty.com,IL,96130094,0.08953,0.09613,9.00E-05,,,
responder.lapd.standalone.cq,CA,95774678,0.0892,0.09577,9.00E-05,,,
medicinebow.org,WY,95721102,0.08915,0.09572,9.00E-05,,,
beta.mdfr.miamidade.gov,FL,93586533,0.08716,0.09359,9.00E-05,,,
ecosys.il.p1.pd.msi,IL,93581730,0.08715,0.09358,9.00E-05,,,
lowerprovidencetwppd.pa.us,PD,93186255,0.08679,0.09319,8.00E-05,,,
dnr.illinois.gov,MA,92840874,0.08646,0.09284,8.00E-05,,,
vhhohio.org,OH,92482549,0.08613,0.09248,8.00E-05,,,
augustadps.org,KS,92372295,0.08603,0.09237,8.00E-05,,,
msi.sedemo.cadweb.monroe,IL,92351883,0.08601,0.09235,8.00E-05,,,
chamberscofm.tx.us,TX,90250295,0.08405,0.09025,8.00E-05,,,
pd.ind.com,IN,89801962,0.08363,0.0898,8.00E-05,,,
cvcrimestop.com,IA,89725887,0.08356,0.08973,8.00E-05,,,
e66ff975ebf63aff2cb4cfffe8186088 (Agency not Matched),,89492670,0.08335,0.08949,8.00E-05,,,
mesaaz.gov,AZ,88760673,0.08266,0.08876,8.00E-05,,,
thomascountyga.gov,GA,87903069,0.08187,0.0879,8.00E-05,,,
huffmanisd.tx,TX,87162820,0.08118,0.08716,8.00E-05,,,
marioncountyms.com,MS,85856439,0.07996,0.08586,8.00E-05,,,
ccepartners.msi.demo,IL,85502114,0.07963,0.0855,8.00E-05,,,
dunwoodyga.gov,GA,84709024,0.07889,0.08471,8.00E-05,,,
sheriff.sullivancountynh.gov,NH,84089225,0.07831,0.08409,8.00E-05,,,
echdemo6.motoville.911,,83925140,0.07816,0.08393,8.00E-05,,,
louva-va-p1cadhost,VA,83049629,0.07735,0.08305,8.00E-05,,,
p1trn.pd.alvin-tx.gov,TX,82544537,0.07688,0.08254,8.00E-05,,,
qrlab1a.bexarmetro911,,81488293,0.07589,0.08149,7.00E-05,,,
oprfhs.org,IL,80493816,0.07497,0.08049,7.00E-05,,,
apxnext.csa.msi,IL,78850844,0.07344,0.07885,7.00E-05,,,
townofwingatenc.gov,NC,78430174,0.07304,0.07843,7.00E-05,,,
ecosys.il.p1cadhost.msi,IL,76788503,0.07151,0.07679,7.00E-05,,,
ci.marshalltown.ia.us,IA,76696318,0.07143,0.0767,7.00E-05,,,
rcso.rock.mn.us,MN,75900060,0.07069,0.0759,7.00E-05,,,
beta.arlingtonva.gov,VA,74425347,0.06931,0.07443,7.00E-05,,,
locustnc.com,NC,74185313,0.06909,0.07419,7.00E-05,,,
northogdencity.com,UT,71645622,0.06673,0.07165,7.00E-05,,,
training.cadhost.nashvilledec.gov,TN,71638226,0.06672,0.07164,7.00E-05,,,
msp.michigan.gov,MI,70367867,0.06554,0.07037,6.00E-05,,,
ttps.gov.tt,Trinidad and Tobago,68662222,0.06395,0.06866,6.00E-05,,,
srpmic-nsn.gov,AZ,68058107,0.06338,0.06806,6.00E-05,,,
ecosys.il.p1cadhost.trn.msi,IL,67066817,0.06246,0.06707,6.00E-05,,,
so.cedar.co.ia.us,IA,66596650,0.06202,0.0666,6.00E-05,,,
pd.sjcd.tx.us,TX,66579993,0.06201,0.06658,6.00E-05,,,
sd.floydcounty.in,IN,66295644,0.06174,0.0663,6.00E-05,,,
jeannettepd.pa.us,PA,64687287,0.06024,0.06469,6.00E-05,,,
mtoraboh.us,OH,64059280,0.05966,0.06406,6.00E-05,,,
hidalgocoso.tx.us,TX,61431418,0.05721,0.06143,6.00E-05,,,
leaguecitypd.tx.us,,59552811,0.05546,0.05955,5.00E-05,,,
fedheightspd.co.us,,58116870,0.05413,0.05812,5.00E-05,,,
burkesheriff.org,NC,57886644,0.05391,0.05789,5.00E-05,,,
msi.sedemo.cadweb03,IL,55692111,0.05187,0.05569,5.00E-05,,,
purcellvilleva.gov,,55587740,0.05177,0.05559,5.00E-05,,,
bostonhauthpd.ma.us,MA,55300434,0.0515,0.0553,5.00E-05,,,
comanchecrimestopperstx.com,Texas,55002752,0.05123,0.055,5.00E-05,,,
newtonsheriffga.org,GA,54890253,0.05112,0.05489,5.00E-05,,,
gardnerk12.org,MA,54743317,0.05098,0.05474,5.00E-05,,,
responder.lapd.standalone,CA,53759451,0.05007,0.05376,5.00E-05,,,
co.jones.tx.us,TX,53034103,0.04939,0.05303,5.00E-05,,,
preprod.rc-sheriff.com,Texas,52614486,0.049,0.05261,5.00E-05,,,
sewickleypolice.com,PA,51414093,0.04788,0.05141,5.00E-05,,,
5e282d78929da0b28e0412fe823fd25b (Agency not Matched),,51241657,0.04772,0.05124,5.00E-05,,,
echdemo4.motoville.911,,51118378,0.04761,0.05112,5.00E-05,,,
msi.sedemo.cadweb.apxcad.pd,IL,50537589,0.04707,0.05054,5.00E-05,,,
co.wright.ia.us,IA,50290647,0.04684,0.05029,5.00E-05,,,
southeastern.edu,LA,50167987,0.04672,0.05017,5.00E-05,,,
procommproducts.com,MI,49588230,0.04618,0.04959,5.00E-05,,,
pd.cityofwilliston.com,ND,49335353,0.04595,0.04934,4.00E-05,,,
clearcreekisd.crimestoppersweb.com,TX,48917918,0.04556,0.04892,4.00E-05,,,
7.forces.uk,NV,48404013,0.04508,0.0484,4.00E-05,,,
durhamtech.edu,,45994179,0.04284,0.04599,4.00E-05,,,
rochesternh.net,NH,45675069,0.04254,0.04568,4.00E-05,,,
goldsboronc.gov,NC,45616636,0.04248,0.04562,4.00E-05,,,
cps.ernesto.responderstarter.p1,GA,45121009,0.04202,0.04512,4.00E-05,,,
328cf3433c61b52593e422db35c6b091 (Agency not Matched),,44957219,0.04187,0.04496,4.00E-05,,,
altechradio.com,New York,44868806,0.04179,0.04487,4.00E-05,,,
msi.ccrms.automated.tests,KS,43805105,0.0408,0.04381,4.00E-05,,,
emciwireless.com,FL,43239013,0.04027,0.04324,4.00E-05,,,
ci.lake-forest-park.wa.us,WA,42951984,0.04,0.04295,4.00E-05,,,
hollyspringsmsus.com,MS,42232822,0.03933,0.04223,4.00E-05,,,
ptd.net,PA,41852397,0.03898,0.04185,4.00E-05,,,
ashlandcountysheriff.us,WI,40333454,0.03756,0.04033,4.00E-05,,,
clarkdale.az.gov,AZ,40197083,0.03744,0.0402,4.00E-05,,,
petersburg-va.org,VA,40146560,0.03739,0.04015,4.00E-05,,,
msi.systemdesign.demo,IL,39272350,0.03658,0.03927,4.00E-05,,,
msi.sedemo.cadweb07,IL,39253616,0.03656,0.03925,4.00E-05,,,
p1trn.websterpd.com,TX,38844447,0.03618,0.03884,4.00E-05,,,
apxnext.boxtest.msi,FL,38377785,0.03574,0.03838,3.00E-05,,,
vbco.org,MI,38212253,0.03559,0.03821,3.00E-05,,,
qrlab1b.bexarmetro911,,38074374,0.03546,0.03807,3.00E-05,,,
phippsburg.com,ME,37648579,0.03506,0.03765,3.00E-05,,,
nashville.tn.p1cadhost.gov,TN,37586124,0.035,0.03759,3.00E-05,,,
ci.jerome.id.us,ID,37571405,0.03499,0.03757,3.00E-05,,,
pittsfield-mi.gov,MI,35631845,0.03318,0.03563,3.00E-05,,,
pd.salemva.gov,VA,35411055,0.03298,0.03541,3.00E-05,,,
enid.org,OK,35364753,0.03294,0.03536,3.00E-05,,,
cityofargonia.com,KS,35031905,0.03263,0.03503,3.00E-05,,,
ecosys.il.p1.so.msi,IL,34465884,0.0321,0.03447,3.00E-05,,,
msi.flex.sdi.a.demo,IL,34139007,0.03179,0.03414,3.00E-05,,,
oakislandpd.nc.us,NC,34093572,0.03175,0.03409,3.00E-05,,,
townofranlo.org,NC,33746700,0.03143,0.03375,3.00E-05,,,
echdemo5.motoville.911,,33532523,0.03123,0.03353,3.00E-05,,,
msi.sedemo.cadweb11,IL,33483424,0.03118,0.03348,3.00E-05,,,
msi.onehandheld.demo,UT,32779957,0.03053,0.03278,3.00E-05,,,
nypd.org,NY,32745135,0.0305,0.03275,3.00E-05,,,
crimestopperstt.com,,32709552,0.03046,0.03271,3.00E-05,,,
training.lapd.org,CA,32373053,0.03015,0.03237,3.00E-05,,,
gastongov.com,North Carolina,31225846,0.02908,0.03123,3.00E-05,,,
pd.tcnj.edu,NJ,30839391,0.02872,0.03084,3.00E-05,,,
cps.ccetesting.ernesto.p1,GA,30358601,0.02827,0.03036,3.00E-05,,,
hartsvillesc.gov,South Carolina,30029490,0.02797,0.03003,3.00E-05,,,
knoxsheriff.org,TN,29604698,0.02757,0.0296,3.00E-05,,,
scsotn.com,TN,29278028,0.02727,0.02928,3.00E-05,,,
ci.laredo.tx.us,TX,29241995,0.02723,0.02924,3.00E-05,,,
p1trn.reddingpd.ca.us,,29232759,0.02723,0.02923,3.00E-05,,,
lakeway-tx.gov,TX,28970214,0.02698,0.02897,3.00E-05,,,
putnamsheriff.org,Florida,28739191,0.02677,0.02874,3.00E-05,,,
pd.webbcity.mo.us,MO,28591177,0.02663,0.02859,3.00E-05,,,
southmiamipdfl.gov,,28591022,0.02663,0.02859,3.00E-05,,,
missionks.org,KS,28419977,0.02647,0.02842,3.00E-05,,,
aib.apo.si.msi,IL,28317173,0.02637,0.02832,3.00E-05,,,
spect.rieman2.p1starter,IL,28136444,0.0262,0.02814,3.00E-05,,,
msi.transcription.e2e,UT,28113306,0.02618,0.02811,3.00E-05,,,
allydemo,UT,27805680,0.0259,0.02781,3.00E-05,,,
indy.gov,Indiana,27771466,0.02586,0.02777,3.00E-05,,,
co.randolph.nc.us,NC,26793313,0.02495,0.02679,2.00E-05,,,
cityofnewnan.org,GA,26600871,0.02477,0.0266,2.00E-05,,,
p1trn.ci.deer-park.tx.us,TX,26537003,0.02471,0.02654,2.00E-05,,,
oakboro.com,NC,26241488,0.02444,0.02624,2.00E-05,,,
ci.billings.mt.us,MT,26040867,0.02425,0.02604,2.00E-05,,,
msi.vnxt.cl.prod.demo4.com,Illinois,25784942,0.02401,0.02578,2.00E-05,,,
rustonlincolncrimestoppers.com,LA,25517162,0.02376,0.02552,2.00E-05,,,
staging.lapd.org,CA,25478221,0.02373,0.02548,2.00E-05,,,
cranstonpoliceri.com,RI,25212244,0.02348,0.02521,2.00E-05,,,
manchesterct.gov,CT,25145990,0.02342,0.02515,2.00E-05,,,
msi.soc,,25088622,0.02337,0.02509,2.00E-05,,,
msi.sedemo.cadweb14,IL,24445590,0.02277,0.02445,2.00E-05,,,
echdemo15.motoville.911,,24391417,0.02272,0.02439,2.00E-05,,,
leettwp.org,PA,23960195,0.02231,0.02396,2.00E-05,,,
pantegopd.tx.us,TX,23937849,0.02229,0.02394,2.00E-05,,,
cps.ernesto.p1dems.standard,GA,23775405,0.02214,0.02378,2.00E-05,,,
rockwallcounty.crimestoppersweb.com,TX,23656664,0.02203,0.02366,2.00E-05,,,
msi.flex.sales.demo.7,IL,23294877,0.0217,0.02329,2.00E-05,,,
msi.flex.sales.demo.studio.pd,Illinois,23212788,0.02162,0.02321,2.00E-05,,,
cps.garber.p1.responder1,GA,22853068,0.02128,0.02285,2.00E-05,,,
coeburnpd.va.us,VA,22753030,0.02119,0.02275,2.00E-05,,,
countyofnapa.org,CA,22742910,0.02118,0.02274,2.00E-05,,,
p1trn.leaguecitypd.tx.us,TX,22602873,0.02105,0.0226,2.00E-05,,,
nesscoso.org,KS,22582045,0.02103,0.02258,2.00E-05,,,
madisontwp.com,Michigan,22191699,0.02067,0.02219,2.00E-05,,,
ci.dumas.tx.us,TX,21890644,0.02039,0.02189,2.00E-05,,,
abilenepd.tx.us,TX,21627811,0.02014,0.02163,2.00E-05,,,
shipshewana.org,Indiana,21494696,0.02002,0.02149,2.00E-05,,,
msi.devices,,21450839,0.01998,0.02145,2.00E-05,,,
gascitypolice.net,IN,20979821,0.01954,0.02098,2.00E-05,,,
sangabrielpd.ca.us,CA,20141486,0.01876,0.02014,2.00E-05,,,
bearcom.com,TX,20134400,0.01875,0.02013,2.00E-05,,,
tooelecity.org,,19879608,0.01851,0.01988,2.00E-05,,,
ecosys.il.p1.pd1.msi,IL,19387933,0.01806,0.01939,2.00E-05,,,
msi.sedemo.cadweb08,IL,19335981,0.01801,0.01934,2.00E-05,,,
roc6.bexarmetro911,TX,19187795,0.01787,0.01919,2.00E-05,,,
alachuasheriff.org,FL,19127890,0.01781,0.01913,2.00E-05,,,
sr2022.2.mttp.beta,,19071867,0.01776,0.01907,2.00E-05,,,
millersvillepd.tn.us,TN,19025452,0.01772,0.01903,2.00E-05,,,
kcpd.mo.p1cadhost.trn.gov,MO,18809584,0.01752,0.01881,2.00E-05,,,
melroseparkpd.com,,18472723,0.0172,0.01847,2.00E-05,,,
brgov.com,LA,18372561,0.01711,0.01837,2.00E-05,,,
p1trn.laportetx.gov,TX,18228358,0.01698,0.01823,2.00E-05,,,
vhal.org,,18030623,0.01679,0.01803,2.00E-05,,,
ecc.galco,,17609485,0.0164,0.01761,2.00E-05,,,
ecosys.il.p1cadhost.stg.msi,IL,17421744,0.01623,0.01742,2.00E-05,,,
police.marshalltown-ia.gov,IA,17173220,0.01599,0.01717,2.00E-05,,,
co.valencia.nm.us,New Mexico,17020576,0.01585,0.01702,2.00E-05,,,
brazil.demo.com,LACR,16955520,0.01579,0.01696,2.00E-05,,,
darienil.gov,IL,16645876,0.0155,0.01665,2.00E-05,,,
gf.mhanation.com,ND,16488225,0.01536,0.01649,1.00E-05,,,
montgomerycoia.us,IA,16381283,0.01526,0.01638,1.00E-05,,,
pearlandfmo.tx.us,TX,16269499,0.01515,0.01627,1.00E-05,,,
newtongov.org,IA,16170885,0.01506,0.01617,1.00E-05,,,
echdemo1.motoville.911,,15941457,0.01485,0.01594,1.00E-05,,,
msi.onehandheld.test.formdefaultexpiry,NY,15830467,0.01474,0.01583,1.00E-05,,,
brazoriacountytx.gov,TX,15550255,0.01448,0.01555,1.00E-05,,,
telluride-co.gov,CO,15263279,0.01422,0.01526,1.00E-05,,,
westhomesteadpd.pa.us,PA,14939518,0.01391,0.01494,1.00E-05,,,
preprod.glendaleaz.com,Arizona,14771706,0.01376,0.01477,1.00E-05,,,
co.adams.wi.us,WI,14724941,0.01371,0.01472,1.00E-05,,,
ci.southlake.tx.us,TX,14681822,0.01367,0.01468,1.00E-05,,,
bwater.com,CT,13571992,0.01264,0.01357,1.00E-05,,,
msi.test,IL,13350704,0.01243,0.01335,1.00E-05,,,
hcnj.us,,13100523,0.0122,0.0131,1.00E-05,,,
cherokeega.com,GA,13008415,0.01212,0.01301,1.00E-05,,,
co.calumet.wi.us,WI,12921623,0.01203,0.01292,1.00E-05,,,
boycepd.la.us,LA,12574456,0.01171,0.01257,1.00E-05,,,
msi.cadcloud.p1.5363qian46.dc,NV,12557339,0.01169,0.01256,1.00E-05,,,
hialeahfl.gov,Florida,12555483,0.01169,0.01256,1.00E-05,,,
rcsheriff.org,OK,12540699,0.01168,0.01254,1.00E-05,,,
apd.cceco.msi.demo,IL,12506613,0.01165,0.01251,1.00E-05,,,
mecca911.org,WV,12074552,0.01125,0.01207,1.00E-05,,,
echdemo2.motoville.911,,12052691,0.01122,0.01205,1.00E-05,,,
ecosys2.il.p1cadhost.msi,IL,11615182,0.01082,0.01162,1.00E-05,,,
tpso.net,LA,11320664,0.01054,0.01132,1.00E-05,,,
co.walton.ga.us,GA,11318627,0.01054,0.01132,1.00E-05,,,
msi.p1rms.pdm.d.demo,UT,10874469,0.01013,0.01087,1.00E-05,,,
wisconsin.gov,,10829532,0.01009,0.01083,1.00E-05,,,
cps.ernesto.rmsstartertoprem,IL,10757315,0.01002,0.01076,1.00E-05,,,
msi.p1.sdi.a.demo,IL,10589245,0.00986,0.01059,1.00E-05,,,
msi.flex.deployments.test.shared,UT,10384516,0.00967,0.01038,1.00E-05,,,
westga.edu,GA,10202764,0.0095,0.0102,1.00E-05,,,
cityofelgin.org,Illinois,10121346,0.00943,0.01012,1.00E-05,,,
pd.copperascove.tx.us,TX,9675568,0.00901,0.00968,1.00E-05,,,
columbustexas.net,TX,9521011,0.00887,0.00952,1.00E-05,,,
ncshp.nc.p1cadhost.trn.gov,NC,9279787,0.00864,0.00928,1.00E-05,,,
echdemo3.motoville.911,,9130185,0.0085,0.00913,1.00E-05,,,
testing.laytoncity,UT,8863200,0.00825,0.00886,1.00E-05,,,
claibornecosd.ms.us,MS,8856702,0.00825,0.00886,1.00E-05,,,
jesstest,,8484866,0.0079,0.00848,1.00E-05,,,
albany.ga.us,GA,8263625,0.0077,0.00826,1.00E-05,,,
so.cartercounty.tn.us,TN,8131155,0.00757,0.00813,1.00E-05,,,
pmmg.mg.gov.br,LACR,8083698,0.00753,0.00808,1.00E-05,,,
childagency.911citestprod,,8012266,0.00746,0.00801,1.00E-05,,,
scdmh.org,SC,7991603,0.00744,0.00799,1.00E-05,,,
ramseypd.com,NJ,7720414,0.00719,0.00772,1.00E-05,,,
bigstonegap.org,VA,7660228,0.00713,0.00766,1.00E-05,,,
usca.edu,SC,7239454,0.00674,0.00724,1.00E-05,,,
ci.galesburg.il.us,IL,7040482,0.00656,0.00704,1.00E-05,,,
cps.newcce.testing0223,,6968453,0.00649,0.00697,1.00E-05,,,
kcpd.mo.p1cadhost.gov,MO,6858236,0.00639,0.00686,1.00E-05,,,
perryschools.org,,6788038,0.00632,0.00679,1.00E-05,,,
demo.vsp.virginia.gov,VA,6713169,0.00625,0.00671,1.00E-05,,,
msi.ccr.test.a,IL,6657699,0.0062,0.00666,1.00E-05,,,
nola.gov,Louisiana,6613896,0.00616,0.00661,1.00E-05,,,
eauclairwi.gov,WI,6560689,0.00611,0.00656,1.00E-05,,,
troopers.ny.gov,,6378157,0.00594,0.00638,1.00E-05,,,
grandfutures.org,CO,6325613,0.00589,0.00633,1.00E-05,,,
reddingpd.ca.us,CA,6274937,0.00584,0.00627,1.00E-05,,,
sandbox.finance.nyc.gov,NY,6244357,0.00582,0.00624,1.00E-05,,,
cityofconway.org,AR,6180520,0.00576,0.00618,1.00E-05,,,
msi.prod.cchybrid.lahost,,5885486,0.00548,0.00589,1.00E-05,,,
aumsville.us,OR,5833338,0.00543,0.00583,1.00E-05,,,
cityoftownsend.net,TN,5819143,0.00542,0.00582,1.00E-05,,,
ci.anderson.ca.us,CA,5747943,0.00535,0.00575,1.00E-05,,,
msi.sedemo.cadweb04,IL,5594856,0.00521,0.00559,1.00E-05,,,
frantz.paul.test.customer,,5546692,0.00517,0.00555,1.00E-05,,,
msi.sedemo.cadweb.sf,IL,5464877,0.00509,0.00546,0,,,
pascosheriff.org,FL,5446681,0.00507,0.00545,0,,,
spect.rieman.p1starter,IL,5340746,0.00497,0.00534,0,,,
pd.villageofbloomingdale.org,IL,5239119,0.00488,0.00524,0,,,
cps.larry.responder.p1,IL,5163507,0.00481,0.00516,0,,,
bbfl.us,FL,5064793,0.00472,0.00506,0,,,
bbfl.us.pd,,5064357,0.00472,0.00506,0,,,
westfordma.gov,MA,5062956,0.00472,0.00506,0,,,
hccpct3.tx.us,TX,5038869,0.00469,0.00504,0,,,
fairfaxcounty.gov,VA,5027566,0.00468,0.00503,0,,,
policiamilitar.sp.gov.br,LACR,4891558,0.00456,0.00489,0,,,
ecosys.il.p1.pd3.msi,NV,4838015,0.00451,0.00484,0,,,
cps.moriarty.ccedemo,Colorado,4830479,0.0045,0.00483,0,,,
abtech.edu,NC,4731019,0.00441,0.00473,0,,,
dadeschools.net,,4645589,0.00433,0.00465,0,,,
adeliowa.org,IA,4533820,0.00422,0.00453,0,,,
fhp.fl.gov,FL,4502337,0.00419,0.0045,0,,,
ironcounty.net,UT,4500818,0.00419,0.0045,0,,,
cps.amanda.responder.p1,IL,4483421,0.00418,0.00448,0,,,
msi.sedemo.cadweb12,IL,4383028,0.00408,0.00438,0,,,
msi.sedemo.cadweb16,,4341115,0.00404,0.00434,0,,,
msi.sedemo.cadweb13,IL,4239044,0.00395,0.00424,0,,,
fortlauderdale.gov,FL,4167931,0.00388,0.00417,0,,,
motorola.lansingmi.gov,MI,4064562,0.00379,0.00406,0,,,
tuscaloosa.com,AL,3912212,0.00364,0.00391,0,,,
de.mhanation.com,ND,3813839,0.00355,0.00381,0,,,
boxtest.usgov-prod.rcp,FL,3756298,0.0035,0.00376,0,,,
coh.local,OH,3750169,0.00349,0.00375,0,,,
coralgables.com,FL,3619135,0.00337,0.00362,0,,,
cbsb.cl,LACR,3605852,0.00336,0.00361,0,,,
msi.sedemo.cadweb05,IL,3465634,0.00323,0.00347,0,,,
norwalkct.org,CT,3431742,0.0032,0.00343,0,,,
beta.so.loudoun.gov,,3348116,0.00312,0.00335,0,,,
jcsheriff.org,GA,3346047,0.00312,0.00335,0,,,
effinghamcrimestoppers.com,IL,3213505,0.00299,0.00321,0,,,
msi.sedemo.cadweb.primary,IL,3131190,0.00292,0.00313,0,,,
cityofwaupaca.org,WI,3074573,0.00286,0.00307,0,,,
denco.org,TX,3065496,0.00285,0.00307,0,,,
p1trn.andersonpd.ca.us,,2926248,0.00273,0.00293,0,,,
msi.cadcloud.p1.5363qian46,Illinois,2864890,0.00267,0.00286,0,,,
forsyth.k12.ga.us,GA,2812351,0.00262,0.00281,0,,,
biglakemn.org,MN,2754035,0.00256,0.00275,0,,,
centegix.awareapi,,2644869,0.00246,0.00264,0,,,
richlandcs.com,MT,2628956,0.00245,0.00263,0,,,
co.gem.id.us,ID,2477424,0.00231,0.00248,0,,,
echdemo10.motoville.911,,2446041,0.00228,0.00245,0,,,
fun.ernesto.test,IL,2409656,0.00224,0.00241,0,,,
msi.ccrms.morris.pdm,KS,2403852,0.00224,0.0024,0,,,
cps.ernesto3.p1,GA,2401134,0.00224,0.0024,0,,,
yucatan.gob.mx,YUC,2393261,0.00223,0.00239,0,,,
portla.org,,2380258,0.00222,0.00238,0,,,
wupd.com,IA,2341069,0.00218,0.00234,0,,,
musgrovecsa,,2332100,0.00217,0.00233,0,,,
msi.sedemo.cadweb10,IL,2166183,0.00202,0.00217,0,,,
beta.fire.houstontx.gov,TX,2145057,0.002,0.00215,0,,,
infocrimemontreal.ca,QC,2130892,0.00198,0.00213,0,,,
ci.davenport.ia.us,IA,2110647,0.00197,0.00211,0,,,
cps.test.thompson.ech,,2026708,0.00189,0.00203,0,,,
echdemo13.motoville.911,,2019553,0.00188,0.00202,0,,,
msi.eco.lab,IL,1999251,0.00186,0.002,0,,,
cloudactivation.msi,,1992735,0.00186,0.00199,0,,,
p1trn.pd.morganspoint-tx.com,TX,1992501,0.00186,0.00199,0,,,
echdemo16.motoville.911,,1871594,0.00174,0.00187,0,,,
crimestoppers.tas.au,Tasmania,1821121,0.0017,0.00182,0,,,
da.solutionspecialists.demo,IL,1799109,0.00168,0.0018,0,,,
preprod2.rc-sheriff.com,AZ,1778718,0.00166,0.00178,0,,,
wirelessnc.com,NC,1742531,0.00162,0.00174,0,,,
msi.cadcloud.p1.5798jo,CO,1656854,0.00154,0.00166,0,,,
demssales.com,IL,1604165,0.00149,0.0016,0,,,
mcpcity.com,KS,1537965,0.00143,0.00154,0,,,
msi.ccadmin.pdm.demo,,1521428,0.00142,0.00152,0,,,
cps.ernesto.p1dems.responderstarter,GA,1504315,0.0014,0.0015,0,,,
gardencityks.us.da,KS,1468993,0.00137,0.00147,0,,,
ci.boca-raton.fl.us,FL,1382736,0.00129,0.00138,0,,,
echdemo8.motoville.911,,1377177,0.00128,0.00138,0,,,
carabineros.cl,LACR,1318949,0.00123,0.00132,0,,,
p1trn.pd.texascitytx.gov,TX,1292251,0.0012,0.00129,0,,,
awaredeploymentsandbox,,1275516,0.00119,0.00128,0,,,
echdemo11.motoville.911,,1226555,0.00114,0.00123,0,,,
ucsd.edu,CA,1220541,0.00114,0.00122,0,,,
p1trn.pd.dickinsontexas.gov,TX,1188196,0.00111,0.00119,0,,,
readingpa.gov,PA,1156355,0.00108,0.00116,0,,,
p1cad.motwa.net,WA,1099308,0.00102,0.0011,0,,,
dpd.ci.dallas.tx.us,Texas,1023980,0.00095,0.00102,0,,,
comsourcemi.com,MI,960683,0.00089,0.00096,0,,,
beta.lafayette911.org,LA,926312,0.00086,0.00093,0,,,
echdemo7.motoville.911,,896818,0.00084,0.0009,0,,,
lsp.la.gov,LA,886845,0.00083,0.00089,0,,,
tpso.narc.net,LA,877107,0.00082,0.00088,0,,,
norcomct.net,CT,870822,0.00081,0.00087,0,,,
laportetx.gov,Texas,865042,0.00081,0.00087,0,,,
echdemo12.motoville.911,,834256,0.00078,0.00083,0,,,
msi.callyo.test,FL,769250,0.00072,0.00077,0,,,
co.monterey.ca.us,CA,762557,0.00071,0.00076,0,,,
msi.records.standalone,Malopolska,737839,0.00069,0.00074,0,,,
danbury-ct.gov,CT,735701,0.00069,0.00074,0,,,
comtechradio.com,WY,703224,0.00065,0.0007,0,,,
randolphcountync.gov,NC,655767,0.00061,0.00066,0,,,
rbpf.gov.bb,LACR,631597,0.00059,0.00063,0,,,
eastpointcity.org,Georgia,611242,0.00057,0.00061,0,,,
govoffice-midwest-wy.com,WY,583752,0.00054,0.00058,0,,,
edinamn.gov,MN,569588,0.00053,0.00057,0,,,
mattesonpd.il.us,IL,564494,0.00053,0.00056,0,,,
msi.flex.craig.adams.sales.demo,,553413,0.00052,0.00055,0,,,
msi.ccrms.automated.tests.nevada,NV,536737,0.0005,0.00054,0,,,
goiwt.com,NY,530909,0.00049,0.00053,0,,,
joplinmo.org,MO,530723,0.00049,0.00053,0,,,
cps.ernesto.flex,,521355,0.00049,0.00052,0,,,
stlouisco.com,MO,503684,0.00047,0.0005,0,,,
police.jacksoncounty.sd.usa,SD,483363,0.00045,0.00048,0,,,
cps.bigbranchtest.demo12,IL,466506,0.00043,0.00047,0,,,
staging.laport.org,California,451586,0.00042,0.00045,0,,,
msi.1021storage.demo,Illinois,375534,0.00035,0.00038,0,,,
lebanonmo.org,MO,365646,0.00034,0.00037,0,,,
co.oconto.wi.us,WI,365246,0.00034,0.00037,0,,,
hyattsville.org,Maryland,358499,0.00033,0.00036,0,,,
morgantownwv.gov,WV,356779,0.00033,0.00036,0,,,
cps.tech1.responder.p1,,347491,0.00032,0.00035,0,,,
da.wi.gov,WI,342472,0.00032,0.00034,0,,,
msi.uk.demo,,308157,0.00029,0.00031,0,,,
msi.smoke.test3,ILTest3,304301,0.00028,0.0003,0,,,
dickinson.tx.dkpd.p1prod.gov,,303197,0.00028,0.0003,0,,,
p1trn.mishawakapd,GA,291405,0.00027,0.00029,0,,,
lvmpd.nv.p1cadhost.trn.gov,NV,263272,0.00025,0.00026,0,,,
rayk247.test,North Carolina,257528,0.00024,0.00026,0,,,
cummingpd.net,GA,252407,0.00024,0.00025,0,,,
23jda.com,LA,233462,0.00022,0.00023,0,,,
ashtabulacounty.us.da,OH,228333,0.00021,0.00023,0,,,
p1trn.pd.utmb.edu,TX,213390,0.0002,0.00021,0,,,
southamptontownny.gov,NY,212640,0.0002,0.00021,0,,,
p1trn.shastacoso.ca.us,,210986,0.0002,0.00021,0,,,
p1trn.pd.seabrooktx.gov,TX,209603,0.0002,0.00021,0,,,
p1trn.pd.santa-fe.tx.us,TX,208430,0.00019,0.00021,0,,,
utmbgalveston.tx.utmb.p1prod.gov,,204762,0.00019,0.0002,0,,,
pd.lakeoswego.or.us,OR,202273,0.00019,0.0002,0,,,
finance.nyc.gov,,200821,0.00019,0.0002,0,,,
p19.oceancoso.nj.us,NJ,174748,0.00016,0.00017,0,,,
training.laport.org,California,169485,0.00016,0.00017,0,,,
altusok.gov.mc,OK,167887,0.00016,0.00017,0,,,
p22.oceancoso.nj.us,NJ,146377,0.00014,0.00015,0,,,
lyon-county.org.da,NV,145374,0.00014,0.00015,0,,,
police.citynmb.com,FL,142422,0.00013,0.00014,0,,,
msi.cto,,132440,0.00012,0.00013,0,,,
p1trn.pd.sugarlandtx.gov,TX,126606,0.00012,0.00013,0,,,
fremont.gov,CA,115121,0.00011,0.00012,0,,,
laport.online,California,114308,0.00011,0.00011,0,,,
skywave.org,NY,111327,0.0001,0.00011,0,,,
msi.sedemo.demo.cc,IL,106689,0.0001,0.00011,0,,,
connellwa.org,WA,106093,0.0001,0.00011,0,,,
lvmpd.nv.p1cadhost.gov,NV,101187,9.00E-05,0.0001,0,,,
ncdps.gov,,96591,9.00E-05,0.0001,0,,,
sierracounty.ca.gov,CA,90304,8.00E-05,9.00E-05,0,,,
beta.fd.loudoun.gov,VA,89042,8.00E-05,9.00E-05,0,,,
cadhost.cceco.msi.demo,IL,88041,8.00E-05,9.00E-05,0,,,
msi.p1sales.jail.demo.a,UT,86349,8.00E-05,9.00E-05,0,,,
richtonparkpd.il.us,IL,84327,8.00E-05,8.00E-05,0,,,
teamonecomm.com,FL,82604,8.00E-05,8.00E-05,0,,,
policiaecuador.gob.ec,LACR,81518,8.00E-05,8.00E-05,0,,,
police.gov.mv,,79881,7.00E-05,8.00E-05,0,,,
lakeview.tx.lvpd.p1prod.gov,,74279,7.00E-05,7.00E-05,0,,,
crimeline.org,IL,70745,7.00E-05,7.00E-05,0,,,
ecosys.il.p1.fd.msi,IL,69842,7.00E-05,7.00E-05,0,,,
sheriff-macon-il.us,IL,65367,6.00E-05,7.00E-05,0,,,
cadhost.leaguecitytx.gov,Texas,60385,6.00E-05,6.00E-05,0,,,
olympiafieldspd.il.us,IL,54111,5.00E-05,5.00E-05,0,,,
usdoj.gov,,53603,5.00E-05,5.00E-05,0,,,
pd.springfield.mo.us,MO,52201,5.00E-05,5.00E-05,0,,,
lacr.demo.com,LACR,51713,5.00E-05,5.00E-05,0,,,
sandbox.browardsheriff,FL,50311,5.00E-05,5.00E-05,0,,,
codecom.com,LACR,45005,4.00E-05,5.00E-05,0,,,
fed.demo.msi,DC,41449,4.00E-05,4.00E-05,0,,,
cps.ernesto.p1,,38898,4.00E-05,4.00E-05,0,,,
jeffco.us,CO,37583,4.00E-05,4.00E-05,0,,,
pd.cityofdoral.com,FL,37226,3.00E-05,4.00E-05,0,,,
bexarcountysheriff.com,,35842,3.00E-05,4.00E-05,0,,,
msi.flex.sales.demo.4,IL,34711,3.00E-05,3.00E-05,0,,,
callmc.com,GA,31763,3.00E-05,3.00E-05,0,,,
dac.ok.us,OK,30335,3.00E-05,3.00E-05,0,,,
forsythco.com,GA,29200,3.00E-05,3.00E-05,0,,,
gfpd.org,,25192,2.00E-05,3.00E-05,0,,,
commenco.com,MO,24567,2.00E-05,2.00E-05,0,,,
so.cccounty.us,CA,23168,2.00E-05,2.00E-05,0,,,
bangormi.org,MI,23116,2.00E-05,2.00E-05,0,,,
dougherty.ga.us,GA,22408,2.00E-05,2.00E-05,0,,,
mo.columbusga.gov,GA,19219,2.00E-05,2.00E-05,0,,,
municourtclerk.fultontexas.org,TX,18395,2.00E-05,2.00E-05,0,,,
denisonparking.com,IN,14513,1.00E-05,1.00E-05,0,,,
gna.gob.ar,LACR,14008,1.00E-05,1.00E-05,0,,,
connectionyou.com,IA,13483,1.00E-05,1.00E-05,0,,,
holmescountysheriff.org,OH,13348,1.00E-05,1.00E-05,0,,,
msi.flex.sales.demo.studio.so,Illinois,12288,1.00E-05,1.00E-05,0,,,
eauclaireso.wi.us,WI,12288,1.00E-05,1.00E-05,0,,,
msi.flex.sales.demo.studio.cf,Illinois,12288,1.00E-05,1.00E-05,0,,,
msi.flex.sales.demo.studio.fd,Illinois,12288,1.00E-05,1.00E-05,0,,,
msi.flex.sales.demo.1,IL,12288,1.00E-05,1.00E-05,0,,,
p10.oceancoso.nj.us,NJ,12288,1.00E-05,1.00E-05,0,,,
f19.oceancoso.nj.us,NJ,12288,1.00E-05,1.00E-05,0,,,
motorola.apac.demo,,11075,1.00E-05,1.00E-05,0,,,
cityofwestminster.us,CO,10716,1.00E-05,1.00E-05,0,,,
state.ma.pd.us,MA,9745,1.00E-05,1.00E-05,0,,,
rockriverservice.com,IL,9709,1.00E-05,1.00E-05,0,,,
atokavfd.com,NM,9004,1.00E-05,1.00E-05,0,,,
wirelessinc.com,MD,8428,1.00E-05,1.00E-05,0,,,
hueytownal.gov,AL,8384,1.00E-05,1.00E-05,0,,,
msi.prod.cchybrid.lapd,CA,7797,1.00E-05,1.00E-05,0,,,
msi.p1.eng.a.e2e,UT,7390,1.00E-05,1.00E-05,0,,,
sharpcom.com,AL,6656,1.00E-05,1.00E-05,0,,,
16jda.com,LA,6543,1.00E-05,1.00E-05,0,,,
ricelakegov.org,WI,5825,1.00E-05,1.00E-05,0,,,
bellairetx.gov,TX,5164,0,1.00E-05,0,,,
dems.pd.cityofchesapeake.net,VA,5114,0,1.00E-05,0,,,
tele-rad.com,MI,4991,0,0,0,,,
wiradcom.com,CO,3626,0,0,0,,,
creativecom.com,AZ,3402,0,0,0,,,
mesquitenv.gov,NV,3249,0,0,0,,,
meltec.com.co,LACR,2913,0,0,0,,,
bouldercountysheriff.org.da,CO,2901,0,0,0,,,
northernlakesfire.com,ID,2612,0,0,0,,,
msi.p1rms.sales.b.demo,UT,2589,0,0,0,,,
ers2way.com,IN,2293,0,0,0,,,
msiukdemo.com,,2285,0,0,0,,,
dfwcomm.com,TX,2249,0,0,0,,,
tri-co.us,FL,2182,0,0,0,,,
deirr.com,SC,2083,0,0,0,,,
co.portage.wi.us,WI,2016,0,0,0,,,
city.cleveland.oh.us,Ohio,1976,0,0,0,,,
clear-talk.com,IL,1806,0,0,0,,,
pd.townofyork.me.us,ME,1639,0,0,0,,,
msi.support.cjis,CO,1501,0,0,0,,,
mcsonj.org,NJ,1420,0,0,0,,,
telepathcorp.com,CA,1323,0,0,0,,,
stonesmobileradio.com,ND,1268,0,0,0,,,
augustacommunications.com,GA,1192,0,0,0,,,
mobileradiosvc.com,KS,1037,0,0,0,,,
munistgo.cl,LACR,1030,0,0,0,,,
co.shasta.ca.us,CA,940,0,0,0,,,
gotoess.com,NY,930,0,0,0,,,
msi.ccrms.forms,CA,850,0,0,0,,,
stamfordadmin.org,CT,560,0,0,0,,,
cybercomminc.com,MA,512,0,0,0,,,
afip.gob.ar,LACR,465,0,0,0,,,
allcommnj.com,NJ,465,0,0,0,,,
talkcei.com,MD,376,0,0,0,,,
bandccomm.com,OH,375,0,0,0,,,
staleytech.com,OH,374,0,0,0,,,
lascondes.cl,LACR,345,0,0,0,,,
co.gaines.tx.us,TX,189,0,0,0,,,
firstwirelessinc.com,NE,189,0,0,0,,,
graniteelectronics.com,MN,188,0,0,0,,,
ggpd.org,CA,188,0,0,0,,,
hastyseast.com,FL,187,0,0,0,,,
montanaelectronicsinc.com,MT,172,0,0,0,,,
southplainscommtx.com,,172,0,0,0,,,
radiocommsc.com,SC,171,0,0,0,,,
wccwireless.com,MN,170,0,0,0,,,
dep.nyc.gov,NY,166,0,0,0,,,
301usgovvirginia1175221 (Agency not Matched),,0,0,0,0,,,
bgpd.org,CA,0,0,0,0,,,
,,,,,,,,
,,,,,9929.54758,,,